point_id,direction,status,gcs_uri,latitude,longitude,street_bearing,heading,pano_id
0500,forward,uploaded,gs://cv-urban-accessibility-bucket/streetview/polygon_4v/20260221T142707Z/0500_forward_40.9728163_29.0518156_135.7.jpg,40.9728163,29.0518156,135.73,135.73,GpmpKGzTqUzyfHnYYRUUuw
0500,right,uploaded,gs://cv-urban-accessibility-bucket/streetview/polygon_4v/20260221T142707Z/0500_right_40.9728163_29.0518156_225.7.jpg,40.9728163,29.0518156,135.73,225.73,GpmpKGzTqUzyfHnYYRUUuw
0500,backward,uploaded,gs://cv-urban-accessibility-bucket/streetview/polygon_4v/20260221T142707Z/0500_backward_40.9728163_29.0518156_315.7.jpg,40.9728163,29.0518156,135.73,315.73,GpmpKGzTqUzyfHnYYRUUuw
0500,left,uploaded,gs://cv-urban-accessibility-bucket/streetview/polygon_4v/20260221T142707Z/0500_left_40.9728163_29.0518156_45.7.jpg,40.9728163,29.0518156,135.73,45.73000000000002,GpmpKGzTqUzyfHnYYRUUuw
0501,forward,uploaded,gs://cv-urban-accessibility-bucket/streetview/polygon_4v/20260221T142707Z/0501_forward_40.972733_29.0519232_135.7.jpg,40.972733,29.0519232,135.73,135.73,_r9zH53gKMrVPtI_r6w2Pg
0501,right,uploaded,gs://cv-urban-accessibility-bucket/streetview/polygon_4v/20260221T142707Z/0501_right_40.972733_29.0519232_225.7.jpg,40.972733,29.0519232,135.73,225.73,_r9zH53gKMrVPtI_r6w2Pg
0501,backward,uploaded,gs://cv-urban-accessibility-bucket/streetview/polygon_4v/20260221T142707Z/0501_backward_40.972733_29.0519232_315.7.jpg,40.972733,29.0519232,135.73,315.73,_r9zH53gKMrVPtI_r6w2Pg
0501,left,uploaded,gs://cv-urban-accessibility-bucket/streetview/polygon_4v/20260221T142707Z/0501_left_40.972733_29.0519232_45.7.jpg,40.972733,29.0519232,135.73,45.73000000000002,_r9zH53gKMrVPtI_r6w2Pg
0502,forward,uploaded,gs://cv-urban-accessibility-bucket/streetview/polygon_4v/20260221T142707Z/0502_forward_40.9689151_29.0592714_207.1.jpg,40.9689151,29.0592714,207.07,207.07,5BxUzofr1AgfHeMIVmzVpA
0502,right,uploaded,gs://cv-urban-accessibility-bucket/streetview/polygon_4v/20260221T142707Z/0502_right_40.9689151_29.0592714_297.1.jpg,40.9689151,29.0592714,207.07,297.07,5BxUzofr1AgfHeMIVmzVpA
0502,backward,uploaded,gs://cv-urban-accessibility-bucket/streetview/polygon_4v/20260221T142707Z/0502_backward_40.9689151_29.0592714_27.1.jpg,40.9689151,29.0592714,207.07,27.069999999999993,5BxUzofr1AgfHeMIVmzVpA
0502,left,uploaded,gs://cv-urban-accessibility-bucket/streetview/polygon_4v/20260221T142707Z/0502_left_40.9689151_29.0592714_117.1.jpg,40.9689151,29.0592714,207.07,117.07,5BxUzofr1AgfHeMIVmzVpA
0503,forward,uploaded,gs://cv-urban-accessibility-bucket/streetview/polygon_4v/20260221T142707Z/0503_forward_40.9687549_29.0591629_207.1.jpg,40.9687549,29.0591629,207.07,207.07,NcKlnCWdgmrTXLFUbE4TJg
0503,right,uploaded,gs://cv-urban-accessibility-bucket/streetview/polygon_4v/20260221T142707Z/0503_right_40.9687549_29.0591629_297.1.jpg,40.9687549,29.0591629,207.07,297.07,NcKlnCWdgmrTXLFUbE4TJg
0503,backward,uploaded,gs://cv-urban-accessibility-bucket/streetview/polygon_4v/20260221T142707Z/0503_backward_40.9687549_29.0591629_27.1.jpg,40.9687549,29.0591629,207.07,27.069999999999993,NcKlnCWdgmrTXLFUbE4TJg
0503,left,uploaded,gs://cv-urban-accessibility-bucket/streetview/polygon_4v/20260221T142707Z/0503_left_40.9687549_29.0591629_117.1.jpg,40.9687549,29.0591629,207.07,117.07,NcKlnCWdgmrTXLFUbE4TJg
0504,forward,uploaded,gs://cv-urban-accessibility-bucket/streetview/polygon_4v/20260221T142707Z/0504_forward_40.9685946_29.0590544_207.1.jpg,40.9685946,29.0590544,207.07,207.07,CQWAy9LBsp_U65uRiPzhmA
0504,right,uploaded,gs://cv-urban-accessibility-bucket/streetview/polygon_4v/20260221T142707Z/0504_right_40.9685946_29.0590544_297.1.jpg,40.9685946,29.0590544,207.07,297.07,CQWAy9LBsp_U65uRiPzhmA
0504,backward,uploaded,gs://cv-urban-accessibility-bucket/streetview/polygon_4v/20260221T142707Z/0504_backward_40.9685946_29.0590544_27.1.jpg,40.9685946,29.0590544,207.07,27.069999999999993,CQWAy9LBsp_U65uRiPzhmA
0504,left,uploaded,gs://cv-urban-accessibility-bucket/streetview/polygon_4v/20260221T142707Z/0504_left_40.9685946_29.0590544_117.1.jpg,40.9685946,29.0590544,207.07,117.07,CQWAy9LBsp_U65uRiPzhmA
0505,forward,uploaded,gs://cv-urban-accessibility-bucket/streetview/polygon_4v/20260221T142707Z/0505_forward_40.9684344_29.058946_207.1.jpg,40.9684344,29.058946,207.07,207.07,DzBrYH8zA9LgJWYbsSjbeA
0505,right,uploaded,gs://cv-urban-accessibility-bucket/streetview/polygon_4v/20260221T142707Z/0505_right_40.9684344_29.058946_297.1.jpg,40.9684344,29.058946,207.07,297.07,DzBrYH8zA9LgJWYbsSjbeA
0505,backward,uploaded,gs://cv-urban-accessibility-bucket/streetview/polygon_4v/20260221T142707Z/0505_backward_40.9684344_29.058946_27.1.jpg,40.9684344,29.058946,207.07,27.069999999999993,DzBrYH8zA9LgJWYbsSjbeA
0505,left,uploaded,gs://cv-urban-accessibility-bucket/streetview/polygon_4v/20260221T142707Z/0505_left_40.9684344_29.058946_117.1.jpg,40.9684344,29.058946,207.07,117.07,DzBrYH8zA9LgJWYbsSjbeA
0506,forward,uploaded,gs://cv-urban-accessibility-bucket/streetview/polygon_4v/20260221T142707Z/0506_forward_40.9682742_29.0588375_207.1.jpg,40.9682742,29.0588375,207.07,207.07,WD_W4J_4RqUbbSFjKtu9gQ
0506,right,uploaded,gs://cv-urban-accessibility-bucket/streetview/polygon_4v/20260221T142707Z/0506_right_40.9682742_29.0588375_297.1.jpg,40.9682742,29.0588375,207.07,297.07,WD_W4J_4RqUbbSFjKtu9gQ
0506,backward,uploaded,gs://cv-urban-accessibility-bucket/streetview/polygon_4v/20260221T142707Z/0506_backward_40.9682742_29.0588375_27.1.jpg,40.9682742,29.0588375,207.07,27.069999999999993,WD_W4J_4RqUbbSFjKtu9gQ
0506,left,uploaded,gs://cv-urban-accessibility-bucket/streetview/polygon_4v/20260221T142707Z/0506_left_40.9682742_29.0588375_117.1.jpg,40.9682742,29.0588375,207.07,117.07,WD_W4J_4RqUbbSFjKtu9gQ
0507,forward,uploaded,gs://cv-urban-accessibility-bucket/streetview/polygon_4v/20260221T142707Z/0507_forward_40.9681139_29.058729_207.1.jpg,40.9681139,29.058729,207.08,207.08,COoLVegQHX_j5s86K421cw
0507,right,uploaded,gs://cv-urban-accessibility-bucket/streetview/polygon_4v/20260221T142707Z/0507_right_40.9681139_29.058729_297.1.jpg,40.9681139,29.058729,207.08,297.08000000000004,COoLVegQHX_j5s86K421cw
0507,backward,uploaded,gs://cv-urban-accessibility-bucket/streetview/polygon_4v/20260221T142707Z/0507_backward_40.9681139_29.058729_27.1.jpg,40.9681139,29.058729,207.08,27.08000000000004,COoLVegQHX_j5s86K421cw
0507,left,uploaded,gs://cv-urban-accessibility-bucket/streetview/polygon_4v/20260221T142707Z/0507_left_40.9681139_29.058729_117.1.jpg,40.9681139,29.058729,207.08,117.08000000000004,COoLVegQHX_j5s86K421cw
0508,forward,uploaded,gs://cv-urban-accessibility-bucket/streetview/polygon_4v/20260221T142707Z/0508_forward_40.9679537_29.0586205_207.9.jpg,40.9679537,29.0586205,207.95,207.95,JF5bqvKqLir6ZZS61-y37Q
0508,right,uploaded,gs://cv-urban-accessibility-bucket/streetview/polygon_4v/20260221T142707Z/0508_right_40.9679537_29.0586205_297.9.jpg,40.9679537,29.0586205,207.95,297.95,JF5bqvKqLir6ZZS61-y37Q
0508,backward,uploaded,gs://cv-urban-accessibility-bucket/streetview/polygon_4v/20260221T142707Z/0508_backward_40.9679537_29.0586205_27.9.jpg,40.9679537,29.0586205,207.95,27.94999999999999,JF5bqvKqLir6ZZS61-y37Q
0508,left,uploaded,gs://cv-urban-accessibility-bucket/streetview/polygon_4v/20260221T142707Z/0508_left_40.9679537_29.0586205_117.9.jpg,40.9679537,29.0586205,207.95,117.94999999999999,JF5bqvKqLir6ZZS61-y37Q
0509,forward,uploaded,gs://cv-urban-accessibility-bucket/streetview/polygon_4v/20260221T142707Z/0509_forward_40.9677948_29.0585088_207.3.jpg,40.9677948,29.0585088,207.26,207.26,nMfKKS3o80VfgXEr4Smijw
0509,right,uploaded,gs://cv-urban-accessibility-bucket/streetview/polygon_4v/20260221T142707Z/0509_right_40.9677948_29.0585088_297.3.jpg,40.9677948,29.0585088,207.26,297.26,nMfKKS3o80VfgXEr4Smijw
0509,backward,uploaded,gs://cv-urban-accessibility-bucket/streetview/polygon_4v/20260221T142707Z/0509_backward_40.9677948_29.0585088_27.3.jpg,40.9677948,29.0585088,207.26,27.25999999999999,nMfKKS3o80VfgXEr4Smijw
0509,left,uploaded,gs://cv-urban-accessibility-bucket/streetview/polygon_4v/20260221T142707Z/0509_left_40.9677948_29.0585088_117.3.jpg,40.9677948,29.0585088,207.26,117.25999999999999,nMfKKS3o80VfgXEr4Smijw
0510,forward,uploaded,gs://cv-urban-accessibility-bucket/streetview/polygon_4v/20260221T142707Z/0510_forward_40.9676348_29.0583996_211.2.jpg,40.9676348,29.0583996,211.15,211.15,ZNz7YoN6_CGRur81cDPwfg
0510,right,uploaded,gs://cv-urban-accessibility-bucket/streetview/polygon_4v/20260221T142707Z/0510_right_40.9676348_29.0583996_301.1.jpg,40.9676348,29.0583996,211.15,301.15,ZNz7YoN6_CGRur81cDPwfg
0510,backward,uploaded,gs://cv-urban-accessibility-bucket/streetview/polygon_4v/20260221T142707Z/0510_backward_40.9676348_29.0583996_31.1.jpg,40.9676348,29.0583996,211.15,31.149999999999977,ZNz7YoN6_CGRur81cDPwfg
0510,left,uploaded,gs://cv-urban-accessibility-bucket/streetview/polygon_4v/20260221T142707Z/0510_left_40.9676348_29.0583996_121.1.jpg,40.9676348,29.0583996,211.15,121.14999999999998,ZNz7YoN6_CGRur81cDPwfg
0511,forward,uploaded,gs://cv-urban-accessibility-bucket/streetview/polygon_4v/20260221T142707Z/0511_forward_40.9675474_29.0583297_211.2.jpg,40.9675474,29.0583297,211.15,211.15,gMMh0QWWfcCvI3TLj3Sj3Q
0511,right,uploaded,gs://cv-urban-accessibility-bucket/streetview/polygon_4v/20260221T142707Z/0511_right_40.9675474_29.0583297_301.1.jpg,40.9675474,29.0583297,211.15,301.15,gMMh0QWWfcCvI3TLj3Sj3Q
0511,backward,uploaded,gs://cv-urban-accessibility-bucket/streetview/polygon_4v/20260221T142707Z/0511_backward_40.9675474_29.0583297_31.1.jpg,40.9675474,29.0583297,211.15,31.149999999999977,gMMh0QWWfcCvI3TLj3Sj3Q
0511,left,uploaded,gs://cv-urban-accessibility-bucket/streetview/polygon_4v/20260221T142707Z/0511_left_40.9675474_29.0583297_121.1.jpg,40.9675474,29.0583297,211.15,121.14999999999998,gMMh0QWWfcCvI3TLj3Sj3Q
0512,forward,uploaded,gs://cv-urban-accessibility-bucket/streetview/polygon_4v/20260221T142707Z/0512_forward_40.9675474_29.0583297_29.4.jpg,40.9675474,29.0583297,29.42,29.42,gMMh0QWWfcCvI3TLj3Sj3Q
0512,right,uploaded,gs://cv-urban-accessibility-bucket/streetview/polygon_4v/20260221T142707Z/0512_right_40.9675474_29.0583297_119.4.jpg,40.9675474,29.0583297,29.42,119.42,gMMh0QWWfcCvI3TLj3Sj3Q
0512,backward,uploaded,gs://cv-urban-accessibility-bucket/streetview/polygon_4v/20260221T142707Z/0512_backward_40.9675474_29.0583297_209.4.jpg,40.9675474,29.0583297,29.42,209.42000000000002,gMMh0QWWfcCvI3TLj3Sj3Q
0512,left,uploaded,gs://cv-urban-accessibility-bucket/streetview/polygon_4v/20260221T142707Z/0512_left_40.9675474_29.0583297_299.4.jpg,40.9675474,29.0583297,29.42,299.42,gMMh0QWWfcCvI3TLj3Sj3Q
0513,forward,uploaded,gs://cv-urban-accessibility-bucket/streetview/polygon_4v/20260221T142707Z/0513_forward_40.9677037_29.0584464_27.6.jpg,40.9677037,29.0584464,27.59,27.59,TTk3LuvPDzE8I7ZtjrH5gw
0513,right,uploaded,gs://cv-urban-accessibility-bucket/streetview/polygon_4v/20260221T142707Z/0513_right_40.9677037_29.0584464_117.6.jpg,40.9677037,29.0584464,27.59,117.59,TTk3LuvPDzE8I7ZtjrH5gw
0513,backward,uploaded,gs://cv-urban-accessibility-bucket/streetview/polygon_4v/20260221T142707Z/0513_backward_40.9677037_29.0584464_207.6.jpg,40.9677037,29.0584464,27.59,207.59,TTk3LuvPDzE8I7ZtjrH5gw
0513,left,uploaded,gs://cv-urban-accessibility-bucket/streetview/polygon_4v/20260221T142707Z/0513_left_40.9677037_29.0584464_297.6.jpg,40.9677037,29.0584464,27.59,297.59,TTk3LuvPDzE8I7ZtjrH5gw
0514,forward,uploaded,gs://cv-urban-accessibility-bucket/streetview/polygon_4v/20260221T142707Z/0514_forward_40.9678631_29.0585568_27.6.jpg,40.9678631,29.0585568,27.61,27.61,9F98WWR6t6wG0Gc5hrlFuw
0514,right,uploaded,gs://cv-urban-accessibility-bucket/streetview/polygon_4v/20260221T142707Z/0514_right_40.9678631_29.0585568_117.6.jpg,40.9678631,29.0585568,27.61,117.61,9F98WWR6t6wG0Gc5hrlFuw
0514,backward,uploaded,gs://cv-urban-accessibility-bucket/streetview/polygon_4v/20260221T142707Z/0514_backward_40.9678631_29.0585568_207.6.jpg,40.9678631,29.0585568,27.61,207.61,9F98WWR6t6wG0Gc5hrlFuw
0514,left,uploaded,gs://cv-urban-accessibility-bucket/streetview/polygon_4v/20260221T142707Z/0514_left_40.9678631_29.0585568_297.6.jpg,40.9678631,29.0585568,27.61,297.61,9F98WWR6t6wG0Gc5hrlFuw
0515,forward,uploaded,gs://cv-urban-accessibility-bucket/streetview/polygon_4v/20260221T142707Z/0515_forward_40.9680226_29.0586672_27.1.jpg,40.9680226,29.0586672,27.07,27.07,2KfMXtZWlwm2Ss7AUM01uQ
0515,right,uploaded,gs://cv-urban-accessibility-bucket/streetview/polygon_4v/20260221T142707Z/0515_right_40.9680226_29.0586672_117.1.jpg,40.9680226,29.0586672,27.07,117.07,2KfMXtZWlwm2Ss7AUM01uQ
0515,backward,uploaded,gs://cv-urban-accessibility-bucket/streetview/polygon_4v/20260221T142707Z/0515_backward_40.9680226_29.0586672_207.1.jpg,40.9680226,29.0586672,27.07,207.07,2KfMXtZWlwm2Ss7AUM01uQ
0515,left,uploaded,gs://cv-urban-accessibility-bucket/streetview/polygon_4v/20260221T142707Z/0515_left_40.9680226_29.0586672_297.1.jpg,40.9680226,29.0586672,27.07,297.07,2KfMXtZWlwm2Ss7AUM01uQ
0516,forward,uploaded,gs://cv-urban-accessibility-bucket/streetview/polygon_4v/20260221T142707Z/0516_forward_40.9681828_29.0587757_27.1.jpg,40.9681828,29.0587757,27.07,27.07,gbvf3H00DEQz5D1IryI0Og
0516,right,uploaded,gs://cv-urban-accessibility-bucket/streetview/polygon_4v/20260221T142707Z/0516_right_40.9681828_29.0587757_117.1.jpg,40.9681828,29.0587757,27.07,117.07,gbvf3H00DEQz5D1IryI0Og
0516,backward,uploaded,gs://cv-urban-accessibility-bucket/streetview/polygon_4v/20260221T142707Z/0516_backward_40.9681828_29.0587757_207.1.jpg,40.9681828,29.0587757,27.07,207.07,gbvf3H00DEQz5D1IryI0Og
0516,left,uploaded,gs://cv-urban-accessibility-bucket/streetview/polygon_4v/20260221T142707Z/0516_left_40.9681828_29.0587757_297.1.jpg,40.9681828,29.0587757,27.07,297.07,gbvf3H00DEQz5D1IryI0Og
0517,forward,uploaded,gs://cv-urban-accessibility-bucket/streetview/polygon_4v/20260221T142707Z/0517_forward_40.9683431_29.0588841_27.1.jpg,40.9683431,29.0588841,27.07,27.07,ayKbkHuWVKUm9zVp8ZNBrg
0517,right,uploaded,gs://cv-urban-accessibility-bucket/streetview/polygon_4v/20260221T142707Z/0517_right_40.9683431_29.0588841_117.1.jpg,40.9683431,29.0588841,27.07,117.07,ayKbkHuWVKUm9zVp8ZNBrg
0517,backward,uploaded,gs://cv-urban-accessibility-bucket/streetview/polygon_4v/20260221T142707Z/0517_backward_40.9683431_29.0588841_207.1.jpg,40.9683431,29.0588841,27.07,207.07,ayKbkHuWVKUm9zVp8ZNBrg
0517,left,uploaded,gs://cv-urban-accessibility-bucket/streetview/polygon_4v/20260221T142707Z/0517_left_40.9683431_29.0588841_297.1.jpg,40.9683431,29.0588841,27.07,297.07,ayKbkHuWVKUm9zVp8ZNBrg
0518,forward,uploaded,gs://cv-urban-accessibility-bucket/streetview/polygon_4v/20260221T142707Z/0518_forward_40.9685033_29.0589926_27.1.jpg,40.9685033,29.0589926,27.07,27.07,4_Gqgrew6FkZUZgQau3GGA
0518,right,uploaded,gs://cv-urban-accessibility-bucket/streetview/polygon_4v/20260221T142707Z/0518_right_40.9685033_29.0589926_117.1.jpg,40.9685033,29.0589926,27.07,117.07,4_Gqgrew6FkZUZgQau3GGA
0518,backward,uploaded,gs://cv-urban-accessibility-bucket/streetview/polygon_4v/20260221T142707Z/0518_backward_40.9685033_29.0589926_207.1.jpg,40.9685033,29.0589926,27.07,207.07,4_Gqgrew6FkZUZgQau3GGA
0518,left,uploaded,gs://cv-urban-accessibility-bucket/streetview/polygon_4v/20260221T142707Z/0518_left_40.9685033_29.0589926_297.1.jpg,40.9685033,29.0589926,27.07,297.07,4_Gqgrew6FkZUZgQau3GGA
0519,forward,uploaded,gs://cv-urban-accessibility-bucket/streetview/polygon_4v/20260221T142707Z/0519_forward_40.9686635_29.0591011_27.1.jpg,40.9686635,29.0591011,27.07,27.07,nIREiGY64Oyf132KopLFAA
0519,right,uploaded,gs://cv-urban-accessibility-bucket/streetview/polygon_4v/20260221T142707Z/0519_right_40.9686635_29.0591011_117.1.jpg,40.9686635,29.0591011,27.07,117.07,nIREiGY64Oyf132KopLFAA
0519,backward,uploaded,gs://cv-urban-accessibility-bucket/streetview/polygon_4v/20260221T142707Z/0519_backward_40.9686635_29.0591011_207.1.jpg,40.9686635,29.0591011,27.07,207.07,nIREiGY64Oyf132KopLFAA
0519,left,uploaded,gs://cv-urban-accessibility-bucket/streetview/polygon_4v/20260221T142707Z/0519_left_40.9686635_29.0591011_297.1.jpg,40.9686635,29.0591011,27.07,297.07,nIREiGY64Oyf132KopLFAA
0520,forward,uploaded,gs://cv-urban-accessibility-bucket/streetview/polygon_4v/20260221T142707Z/0520_forward_40.9688238_29.0592096_27.1.jpg,40.9688238,29.0592096,27.07,27.07,NcKlnCWdgmrTXLFUbE4TJg
0520,right,uploaded,gs://cv-urban-accessibility-bucket/streetview/polygon_4v/20260221T142707Z/0520_right_40.9688238_29.0592096_117.1.jpg,40.9688238,29.0592096,27.07,117.07,NcKlnCWdgmrTXLFUbE4TJg
0520,backward,uploaded,gs://cv-urban-accessibility-bucket/streetview/polygon_4v/20260221T142707Z/0520_backward_40.9688238_29.0592096_207.1.jpg,40.9688238,29.0592096,27.07,207.07,NcKlnCWdgmrTXLFUbE4TJg
0520,left,uploaded,gs://cv-urban-accessibility-bucket/streetview/polygon_4v/20260221T142707Z/0520_left_40.9688238_29.0592096_297.1.jpg,40.9688238,29.0592096,27.07,297.07,NcKlnCWdgmrTXLFUbE4TJg
0521,forward,uploaded,gs://cv-urban-accessibility-bucket/streetview/polygon_4v/20260221T142707Z/0521_forward_40.9689151_29.0592714_27.1.jpg,40.9689151,29.0592714,27.07,27.07,5BxUzofr1AgfHeMIVmzVpA
0521,right,uploaded,gs://cv-urban-accessibility-bucket/streetview/polygon_4v/20260221T142707Z/0521_right_40.9689151_29.0592714_117.1.jpg,40.9689151,29.0592714,27.07,117.07,5BxUzofr1AgfHeMIVmzVpA
0521,backward,uploaded,gs://cv-urban-accessibility-bucket/streetview/polygon_4v/20260221T142707Z/0521_backward_40.9689151_29.0592714_207.1.jpg,40.9689151,29.0592714,27.07,207.07,5BxUzofr1AgfHeMIVmzVpA
0521,left,uploaded,gs://cv-urban-accessibility-bucket/streetview/polygon_4v/20260221T142707Z/0521_left_40.9689151_29.0592714_297.1.jpg,40.9689151,29.0592714,27.07,297.07,5BxUzofr1AgfHeMIVmzVpA
0522,forward,uploaded,gs://cv-urban-accessibility-bucket/streetview/polygon_4v/20260221T142707Z/0522_forward_40.9717357_29.0484648_35.6.jpg,40.9717357,29.0484648,35.62,35.62,u2I73YgMCksCvP6JpM3O1w
0522,right,uploaded,gs://cv-urban-accessibility-bucket/streetview/polygon_4v/20260221T142707Z/0522_right_40.9717357_29.0484648_125.6.jpg,40.9717357,29.0484648,35.62,125.62,u2I73YgMCksCvP6JpM3O1w
0522,backward,uploaded,gs://cv-urban-accessibility-bucket/streetview/polygon_4v/20260221T142707Z/0522_backward_40.9717357_29.0484648_215.6.jpg,40.9717357,29.0484648,35.62,215.62,u2I73YgMCksCvP6JpM3O1w
0522,left,uploaded,gs://cv-urban-accessibility-bucket/streetview/polygon_4v/20260221T142707Z/0522_left_40.9717357_29.0484648_305.6.jpg,40.9717357,29.0484648,35.62,305.62,u2I73YgMCksCvP6JpM3O1w
0523,forward,uploaded,gs://cv-urban-accessibility-bucket/streetview/polygon_4v/20260221T142707Z/0523_forward_40.9718819_29.0486036_35.6.jpg,40.9718819,29.0486036,35.62,35.62,CAoSFkNJSE0wb2dLRUlDQWdJRGE3ZXVtWEE.
0523,right,uploaded,gs://cv-urban-accessibility-bucket/streetview/polygon_4v/20260221T142707Z/0523_right_40.9718819_29.0486036_125.6.jpg,40.9718819,29.0486036,35.62,125.62,CAoSFkNJSE0wb2dLRUlDQWdJRGE3ZXVtWEE.
0523,backward,uploaded,gs://cv-urban-accessibility-bucket/streetview/polygon_4v/20260221T142707Z/0523_backward_40.9718819_29.0486036_215.6.jpg,40.9718819,29.0486036,35.62,215.62,CAoSFkNJSE0wb2dLRUlDQWdJRGE3ZXVtWEE.
0523,left,uploaded,gs://cv-urban-accessibility-bucket/streetview/polygon_4v/20260221T142707Z/0523_left_40.9718819_29.0486036_305.6.jpg,40.9718819,29.0486036,35.62,305.62,CAoSFkNJSE0wb2dLRUlDQWdJRGE3ZXVtWEE.
0524,forward,uploaded,gs://cv-urban-accessibility-bucket/streetview/polygon_4v/20260221T142707Z/0524_forward_40.9720281_29.0487423_35.6.jpg,40.9720281,29.0487423,35.62,35.62,CAoSFkNJSE0wb2dLRUlDQWdJRGE3ZU9ET3c.
0524,right,uploaded,gs://cv-urban-accessibility-bucket/streetview/polygon_4v/20260221T142707Z/0524_right_40.9720281_29.0487423_125.6.jpg,40.9720281,29.0487423,35.62,125.62,CAoSFkNJSE0wb2dLRUlDQWdJRGE3ZU9ET3c.
0524,backward,uploaded,gs://cv-urban-accessibility-bucket/streetview/polygon_4v/20260221T142707Z/0524_backward_40.9720281_29.0487423_215.6.jpg,40.9720281,29.0487423,35.62,215.62,CAoSFkNJSE0wb2dLRUlDQWdJRGE3ZU9ET3c.
0524,left,uploaded,gs://cv-urban-accessibility-bucket/streetview/polygon_4v/20260221T142707Z/0524_left_40.9720281_29.0487423_305.6.jpg,40.9720281,29.0487423,35.62,305.62,CAoSFkNJSE0wb2dLRUlDQWdJRGE3ZU9ET3c.
0525,forward,uploaded,gs://cv-urban-accessibility-bucket/streetview/polygon_4v/20260221T142707Z/0525_forward_40.9721743_29.0488811_35.6.jpg,40.9721743,29.0488811,35.63,35.63,CAoSFkNJSE0wb2dLRUlDQWdJRGE3WTNCWWc.
0525,right,uploaded,gs://cv-urban-accessibility-bucket/streetview/polygon_4v/20260221T142707Z/0525_right_40.9721743_29.0488811_125.6.jpg,40.9721743,29.0488811,35.63,125.63,CAoSFkNJSE0wb2dLRUlDQWdJRGE3WTNCWWc.
0525,backward,uploaded,gs://cv-urban-accessibility-bucket/streetview/polygon_4v/20260221T142707Z/0525_backward_40.9721743_29.0488811_215.6.jpg,40.9721743,29.0488811,35.63,215.63,CAoSFkNJSE0wb2dLRUlDQWdJRGE3WTNCWWc.
0525,left,uploaded,gs://cv-urban-accessibility-bucket/streetview/polygon_4v/20260221T142707Z/0525_left_40.9721743_29.0488811_305.6.jpg,40.9721743,29.0488811,35.63,305.63,CAoSFkNJSE0wb2dLRUlDQWdJRGE3WTNCWWc.
0526,forward,uploaded,gs://cv-urban-accessibility-bucket/streetview/polygon_4v/20260221T142707Z/0526_forward_40.9723205_29.0490198_35.6.jpg,40.9723205,29.0490198,35.63,35.63,CAoSF0NJSE0wb2dLRUlDQWdJRGFuWjZRZ1FF
0526,right,uploaded,gs://cv-urban-accessibility-bucket/streetview/polygon_4v/20260221T142707Z/0526_right_40.9723205_29.0490198_125.6.jpg,40.9723205,29.0490198,35.63,125.63,CAoSF0NJSE0wb2dLRUlDQWdJRGFuWjZRZ1FF
0526,backward,uploaded,gs://cv-urban-accessibility-bucket/streetview/polygon_4v/20260221T142707Z/0526_backward_40.9723205_29.0490198_215.6.jpg,40.9723205,29.0490198,35.63,215.63,CAoSF0NJSE0wb2dLRUlDQWdJRGFuWjZRZ1FF
0526,left,uploaded,gs://cv-urban-accessibility-bucket/streetview/polygon_4v/20260221T142707Z/0526_left_40.9723205_29.0490198_305.6.jpg,40.9723205,29.0490198,35.63,305.63,CAoSF0NJSE0wb2dLRUlDQWdJRGFuWjZRZ1FF
0527,forward,uploaded,gs://cv-urban-accessibility-bucket/streetview/polygon_4v/20260221T142707Z/0527_forward_40.9724667_29.0491586_35.6.jpg,40.9724667,29.0491586,35.63,35.63,CAoSFkNJSE0wb2dLRUlDQWdJRGFuYkdDQWc.
0527,right,uploaded,gs://cv-urban-accessibility-bucket/streetview/polygon_4v/20260221T142707Z/0527_right_40.9724667_29.0491586_125.6.jpg,40.9724667,29.0491586,35.63,125.63,CAoSFkNJSE0wb2dLRUlDQWdJRGFuYkdDQWc.
0527,backward,uploaded,gs://cv-urban-accessibility-bucket/streetview/polygon_4v/20260221T142707Z/0527_backward_40.9724667_29.0491586_215.6.jpg,40.9724667,29.0491586,35.63,215.63,CAoSFkNJSE0wb2dLRUlDQWdJRGFuYkdDQWc.
0527,left,uploaded,gs://cv-urban-accessibility-bucket/streetview/polygon_4v/20260221T142707Z/0527_left_40.9724667_29.0491586_305.6.jpg,40.9724667,29.0491586,35.63,305.63,CAoSFkNJSE0wb2dLRUlDQWdJRGFuYkdDQWc.
0528,forward,uploaded,gs://cv-urban-accessibility-bucket/streetview/polygon_4v/20260221T142707Z/0528_forward_40.9726129_29.0492974_35.6.jpg,40.9726129,29.0492974,35.63,35.63,CAoSF0NJSE0wb2dLRUlDQWdJRGE3WnU3dFFF
0528,right,uploaded,gs://cv-urban-accessibility-bucket/streetview/polygon_4v/20260221T142707Z/0528_right_40.9726129_29.0492974_125.6.jpg,40.9726129,29.0492974,35.63,125.63,CAoSF0NJSE0wb2dLRUlDQWdJRGE3WnU3dFFF
0528,backward,uploaded,gs://cv-urban-accessibility-bucket/streetview/polygon_4v/20260221T142707Z/0528_backward_40.9726129_29.0492974_215.6.jpg,40.9726129,29.0492974,35.63,215.63,CAoSF0NJSE0wb2dLRUlDQWdJRGE3WnU3dFFF
0528,left,uploaded,gs://cv-urban-accessibility-bucket/streetview/polygon_4v/20260221T142707Z/0528_left_40.9726129_29.0492974_305.6.jpg,40.9726129,29.0492974,35.63,305.63,CAoSF0NJSE0wb2dLRUlDQWdJRGE3WnU3dFFF
0529,forward,uploaded,gs://cv-urban-accessibility-bucket/streetview/polygon_4v/20260221T142707Z/0529_forward_40.9727591_29.0494361_35.6.jpg,40.9727591,29.0494361,35.63,35.63,CAoSF0NJSE0wb2dLRUlDQWdJRGFuZjZWbWdF
0529,right,uploaded,gs://cv-urban-accessibility-bucket/streetview/polygon_4v/20260221T142707Z/0529_right_40.9727591_29.0494361_125.6.jpg,40.9727591,29.0494361,35.63,125.63,CAoSF0NJSE0wb2dLRUlDQWdJRGFuZjZWbWdF
0529,backward,uploaded,gs://cv-urban-accessibility-bucket/streetview/polygon_4v/20260221T142707Z/0529_backward_40.9727591_29.0494361_215.6.jpg,40.9727591,29.0494361,35.63,215.63,CAoSF0NJSE0wb2dLRUlDQWdJRGFuZjZWbWdF
0529,left,uploaded,gs://cv-urban-accessibility-bucket/streetview/polygon_4v/20260221T142707Z/0529_left_40.9727591_29.0494361_305.6.jpg,40.9727591,29.0494361,35.63,305.63,CAoSF0NJSE0wb2dLRUlDQWdJRGFuZjZWbWdF
0530,forward,uploaded,gs://cv-urban-accessibility-bucket/streetview/polygon_4v/20260221T142707Z/0530_forward_40.9729053_29.0495749_35.6.jpg,40.9729053,29.0495749,35.63,35.63,af_0_pehGYe76JXZpVatDg
0530,right,uploaded,gs://cv-urban-accessibility-bucket/streetview/polygon_4v/20260221T142707Z/0530_right_40.9729053_29.0495749_125.6.jpg,40.9729053,29.0495749,35.63,125.63,af_0_pehGYe76JXZpVatDg
0530,backward,uploaded,gs://cv-urban-accessibility-bucket/streetview/polygon_4v/20260221T142707Z/0530_backward_40.9729053_29.0495749_215.6.jpg,40.9729053,29.0495749,35.63,215.63,af_0_pehGYe76JXZpVatDg
0530,left,uploaded,gs://cv-urban-accessibility-bucket/streetview/polygon_4v/20260221T142707Z/0530_left_40.9729053_29.0495749_305.6.jpg,40.9729053,29.0495749,35.63,305.63,af_0_pehGYe76JXZpVatDg
0531,forward,uploaded,gs://cv-urban-accessibility-bucket/streetview/polygon_4v/20260221T142707Z/0531_forward_40.9729852_29.0496507_35.6.jpg,40.9729852,29.0496507,35.63,35.63,KmLTXo-CbSRvr0VE2pLTpA
0531,right,uploaded,gs://cv-urban-accessibility-bucket/streetview/polygon_4v/20260221T142707Z/0531_right_40.9729852_29.0496507_125.6.jpg,40.9729852,29.0496507,35.63,125.63,KmLTXo-CbSRvr0VE2pLTpA
0531,backward,uploaded,gs://cv-urban-accessibility-bucket/streetview/polygon_4v/20260221T142707Z/0531_backward_40.9729852_29.0496507_215.6.jpg,40.9729852,29.0496507,35.63,215.63,KmLTXo-CbSRvr0VE2pLTpA
0531,left,uploaded,gs://cv-urban-accessibility-bucket/streetview/polygon_4v/20260221T142707Z/0531_left_40.9729852_29.0496507_305.6.jpg,40.9729852,29.0496507,35.63,305.63,KmLTXo-CbSRvr0VE2pLTpA
0532,forward,uploaded,gs://cv-urban-accessibility-bucket/streetview/polygon_4v/20260221T142707Z/0532_forward_40.9720093_29.0612223_305.5.jpg,40.9720093,29.0612223,305.48,305.48,NKjaP1nRESCEA01MIaZenQ
0532,right,uploaded,gs://cv-urban-accessibility-bucket/streetview/polygon_4v/20260221T142707Z/0532_right_40.9720093_29.0612223_35.5.jpg,40.9720093,29.0612223,305.48,35.48000000000002,NKjaP1nRESCEA01MIaZenQ
0532,backward,uploaded,gs://cv-urban-accessibility-bucket/streetview/polygon_4v/20260221T142707Z/0532_backward_40.9720093_29.0612223_125.5.jpg,40.9720093,29.0612223,305.48,125.48000000000002,NKjaP1nRESCEA01MIaZenQ
0532,left,uploaded,gs://cv-urban-accessibility-bucket/streetview/polygon_4v/20260221T142707Z/0532_left_40.9720093_29.0612223_215.5.jpg,40.9720093,29.0612223,305.48,215.48000000000002,NKjaP1nRESCEA01MIaZenQ
0533,forward,uploaded,gs://cv-urban-accessibility-bucket/streetview/polygon_4v/20260221T142707Z/0533_forward_40.9721136_29.0610286_305.5.jpg,40.9721136,29.0610286,305.48,305.48,YLetxoLq5SJIN4R7pJ9X1A
0533,right,uploaded,gs://cv-urban-accessibility-bucket/streetview/polygon_4v/20260221T142707Z/0533_right_40.9721136_29.0610286_35.5.jpg,40.9721136,29.0610286,305.48,35.48000000000002,YLetxoLq5SJIN4R7pJ9X1A
0533,backward,uploaded,gs://cv-urban-accessibility-bucket/streetview/polygon_4v/20260221T142707Z/0533_backward_40.9721136_29.0610286_125.5.jpg,40.9721136,29.0610286,305.48,125.48000000000002,YLetxoLq5SJIN4R7pJ9X1A
0533,left,uploaded,gs://cv-urban-accessibility-bucket/streetview/polygon_4v/20260221T142707Z/0533_left_40.9721136_29.0610286_215.5.jpg,40.9721136,29.0610286,305.48,215.48000000000002,YLetxoLq5SJIN4R7pJ9X1A
0534,forward,uploaded,gs://cv-urban-accessibility-bucket/streetview/polygon_4v/20260221T142707Z/0534_forward_40.9722179_29.0608348_305.5.jpg,40.9722179,29.0608348,305.48,305.48,vWf9Dq__xaqt1L4N9pk-nA
0534,right,uploaded,gs://cv-urban-accessibility-bucket/streetview/polygon_4v/20260221T142707Z/0534_right_40.9722179_29.0608348_35.5.jpg,40.9722179,29.0608348,305.48,35.48000000000002,vWf9Dq__xaqt1L4N9pk-nA
0534,backward,uploaded,gs://cv-urban-accessibility-bucket/streetview/polygon_4v/20260221T142707Z/0534_backward_40.9722179_29.0608348_125.5.jpg,40.9722179,29.0608348,305.48,125.48000000000002,vWf9Dq__xaqt1L4N9pk-nA
0534,left,uploaded,gs://cv-urban-accessibility-bucket/streetview/polygon_4v/20260221T142707Z/0534_left_40.9722179_29.0608348_215.5.jpg,40.9722179,29.0608348,305.48,215.48000000000002,vWf9Dq__xaqt1L4N9pk-nA
0535,forward,uploaded,gs://cv-urban-accessibility-bucket/streetview/polygon_4v/20260221T142707Z/0535_forward_40.9723221_29.0606411_305.5.jpg,40.9723221,29.0606411,305.48,305.48,u_qDf-kKHV9t1_QIEd40hQ
0535,right,uploaded,gs://cv-urban-accessibility-bucket/streetview/polygon_4v/20260221T142707Z/0535_right_40.9723221_29.0606411_35.5.jpg,40.9723221,29.0606411,305.48,35.48000000000002,u_qDf-kKHV9t1_QIEd40hQ
0535,backward,uploaded,gs://cv-urban-accessibility-bucket/streetview/polygon_4v/20260221T142707Z/0535_backward_40.9723221_29.0606411_125.5.jpg,40.9723221,29.0606411,305.48,125.48000000000002,u_qDf-kKHV9t1_QIEd40hQ
0535,left,uploaded,gs://cv-urban-accessibility-bucket/streetview/polygon_4v/20260221T142707Z/0535_left_40.9723221_29.0606411_215.5.jpg,40.9723221,29.0606411,305.48,215.48000000000002,u_qDf-kKHV9t1_QIEd40hQ
0536,forward,uploaded,gs://cv-urban-accessibility-bucket/streetview/polygon_4v/20260221T142707Z/0536_forward_40.9724264_29.0604473_247.7.jpg,40.9724264,29.0604473,247.65,247.65,BNk3MhZ6Oqdeb7fFOKk3yw
0536,right,uploaded,gs://cv-urban-accessibility-bucket/streetview/polygon_4v/20260221T142707Z/0536_right_40.9724264_29.0604473_337.6.jpg,40.9724264,29.0604473,247.65,337.65,BNk3MhZ6Oqdeb7fFOKk3yw
0536,backward,uploaded,gs://cv-urban-accessibility-bucket/streetview/polygon_4v/20260221T142707Z/0536_backward_40.9724264_29.0604473_67.6.jpg,40.9724264,29.0604473,247.65,67.64999999999998,BNk3MhZ6Oqdeb7fFOKk3yw
0536,left,uploaded,gs://cv-urban-accessibility-bucket/streetview/polygon_4v/20260221T142707Z/0536_left_40.9724264_29.0604473_157.6.jpg,40.9724264,29.0604473,247.65,157.64999999999998,BNk3MhZ6Oqdeb7fFOKk3yw
0537,forward,uploaded,gs://cv-urban-accessibility-bucket/streetview/polygon_4v/20260221T142707Z/0537_forward_40.972374_29.0602784_305.4.jpg,40.972374,29.0602784,305.35,305.35,w_ME9qNME5cUG-oB5vLC-Q
0537,right,uploaded,gs://cv-urban-accessibility-bucket/streetview/polygon_4v/20260221T142707Z/0537_right_40.972374_29.0602784_35.4.jpg,40.972374,29.0602784,305.35,35.35000000000002,w_ME9qNME5cUG-oB5vLC-Q
0537,backward,uploaded,gs://cv-urban-accessibility-bucket/streetview/polygon_4v/20260221T142707Z/0537_backward_40.972374_29.0602784_125.4.jpg,40.972374,29.0602784,305.35,125.35000000000002,w_ME9qNME5cUG-oB5vLC-Q
0537,left,uploaded,gs://cv-urban-accessibility-bucket/streetview/polygon_4v/20260221T142707Z/0537_left_40.972374_29.0602784_215.4.jpg,40.972374,29.0602784,305.35,215.35000000000002,w_ME9qNME5cUG-oB5vLC-Q
0538,forward,uploaded,gs://cv-urban-accessibility-bucket/streetview/polygon_4v/20260221T142707Z/0538_forward_40.9724779_29.0600844_305.4.jpg,40.9724779,29.0600844,305.35,305.35,wuStCCDL_jF-lO3qs7odPg
0538,right,uploaded,gs://cv-urban-accessibility-bucket/streetview/polygon_4v/20260221T142707Z/0538_right_40.9724779_29.0600844_35.4.jpg,40.9724779,29.0600844,305.35,35.35000000000002,wuStCCDL_jF-lO3qs7odPg
0538,backward,uploaded,gs://cv-urban-accessibility-bucket/streetview/polygon_4v/20260221T142707Z/0538_backward_40.9724779_29.0600844_125.4.jpg,40.9724779,29.0600844,305.35,125.35000000000002,wuStCCDL_jF-lO3qs7odPg
0538,left,uploaded,gs://cv-urban-accessibility-bucket/streetview/polygon_4v/20260221T142707Z/0538_left_40.9724779_29.0600844_215.4.jpg,40.9724779,29.0600844,305.35,215.35000000000002,wuStCCDL_jF-lO3qs7odPg
0539,forward,uploaded,gs://cv-urban-accessibility-bucket/streetview/polygon_4v/20260221T142707Z/0539_forward_40.9725819_29.0598903_305.4.jpg,40.9725819,29.0598903,305.35,305.35,zph2jE22w2BydsQfDtVvpQ
0539,right,uploaded,gs://cv-urban-accessibility-bucket/streetview/polygon_4v/20260221T142707Z/0539_right_40.9725819_29.0598903_35.4.jpg,40.9725819,29.0598903,305.35,35.35000000000002,zph2jE22w2BydsQfDtVvpQ
0539,backward,uploaded,gs://cv-urban-accessibility-bucket/streetview/polygon_4v/20260221T142707Z/0539_backward_40.9725819_29.0598903_125.4.jpg,40.9725819,29.0598903,305.35,125.35000000000002,zph2jE22w2BydsQfDtVvpQ
0539,left,uploaded,gs://cv-urban-accessibility-bucket/streetview/polygon_4v/20260221T142707Z/0539_left_40.9725819_29.0598903_215.4.jpg,40.9725819,29.0598903,305.35,215.35000000000002,zph2jE22w2BydsQfDtVvpQ
0540,forward,uploaded,gs://cv-urban-accessibility-bucket/streetview/polygon_4v/20260221T142707Z/0540_forward_40.9726858_29.0596963_305.4.jpg,40.9726858,29.0596963,305.35,305.35,gHhzAjgHDjJwAgvA8TxOdw
0540,right,uploaded,gs://cv-urban-accessibility-bucket/streetview/polygon_4v/20260221T142707Z/0540_right_40.9726858_29.0596963_35.4.jpg,40.9726858,29.0596963,305.35,35.35000000000002,gHhzAjgHDjJwAgvA8TxOdw
0540,backward,uploaded,gs://cv-urban-accessibility-bucket/streetview/polygon_4v/20260221T142707Z/0540_backward_40.9726858_29.0596963_125.4.jpg,40.9726858,29.0596963,305.35,125.35000000000002,gHhzAjgHDjJwAgvA8TxOdw
0540,left,uploaded,gs://cv-urban-accessibility-bucket/streetview/polygon_4v/20260221T142707Z/0540_left_40.9726858_29.0596963_215.4.jpg,40.9726858,29.0596963,305.35,215.35000000000002,gHhzAjgHDjJwAgvA8TxOdw
0541,forward,uploaded,gs://cv-urban-accessibility-bucket/streetview/polygon_4v/20260221T142707Z/0541_forward_40.9727416_29.0595921_305.4.jpg,40.9727416,29.0595921,305.35,305.35,7AM3pxiX0YD0ZwOHwztDfg
0541,right,uploaded,gs://cv-urban-accessibility-bucket/streetview/polygon_4v/20260221T142707Z/0541_right_40.9727416_29.0595921_35.4.jpg,40.9727416,29.0595921,305.35,35.35000000000002,7AM3pxiX0YD0ZwOHwztDfg
0541,backward,uploaded,gs://cv-urban-accessibility-bucket/streetview/polygon_4v/20260221T142707Z/0541_backward_40.9727416_29.0595921_125.4.jpg,40.9727416,29.0595921,305.35,125.35000000000002,7AM3pxiX0YD0ZwOHwztDfg
0541,left,uploaded,gs://cv-urban-accessibility-bucket/streetview/polygon_4v/20260221T142707Z/0541_left_40.9727416_29.0595921_215.4.jpg,40.9727416,29.0595921,305.35,215.35000000000002,7AM3pxiX0YD0ZwOHwztDfg
0542,forward,uploaded,gs://cv-urban-accessibility-bucket/streetview/polygon_4v/20260221T142707Z/0542_forward_40.973706_29.0456615_118.7.jpg,40.973706,29.0456615,118.74,118.74,_0VZFhk223jOkAfc-6w9tw
0542,right,uploaded,gs://cv-urban-accessibility-bucket/streetview/polygon_4v/20260221T142707Z/0542_right_40.973706_29.0456615_208.7.jpg,40.973706,29.0456615,118.74,208.74,_0VZFhk223jOkAfc-6w9tw
0542,backward,uploaded,gs://cv-urban-accessibility-bucket/streetview/polygon_4v/20260221T142707Z/0542_backward_40.973706_29.0456615_298.7.jpg,40.973706,29.0456615,118.74,298.74,_0VZFhk223jOkAfc-6w9tw
0542,left,uploaded,gs://cv-urban-accessibility-bucket/streetview/polygon_4v/20260221T142707Z/0542_left_40.973706_29.0456615_28.7.jpg,40.973706,29.0456615,118.74,28.74000000000001,_0VZFhk223jOkAfc-6w9tw
0543,forward,uploaded,gs://cv-urban-accessibility-bucket/streetview/polygon_4v/20260221T142707Z/0543_forward_40.9736196_29.04587_118.4.jpg,40.9736196,29.04587,118.36,118.36,1S6jo1EbB1tpWqZ5ngpSdA
0543,right,uploaded,gs://cv-urban-accessibility-bucket/streetview/polygon_4v/20260221T142707Z/0543_right_40.9736196_29.04587_208.4.jpg,40.9736196,29.04587,118.36,208.36,1S6jo1EbB1tpWqZ5ngpSdA
0543,backward,uploaded,gs://cv-urban-accessibility-bucket/streetview/polygon_4v/20260221T142707Z/0543_backward_40.9736196_29.04587_298.4.jpg,40.9736196,29.04587,118.36,298.36,1S6jo1EbB1tpWqZ5ngpSdA
0543,left,uploaded,gs://cv-urban-accessibility-bucket/streetview/polygon_4v/20260221T142707Z/0543_left_40.9736196_29.04587_28.4.jpg,40.9736196,29.04587,118.36,28.360000000000014,1S6jo1EbB1tpWqZ5ngpSdA
0544,forward,uploaded,gs://cv-urban-accessibility-bucket/streetview/polygon_4v/20260221T142707Z/0544_forward_40.9735344_29.0460793_118.4.jpg,40.9735344,29.0460793,118.36,118.36,ybqvvoktAXTrtc3i25PpQA
0544,right,uploaded,gs://cv-urban-accessibility-bucket/streetview/polygon_4v/20260221T142707Z/0544_right_40.9735344_29.0460793_208.4.jpg,40.9735344,29.0460793,118.36,208.36,ybqvvoktAXTrtc3i25PpQA
0544,backward,uploaded,gs://cv-urban-accessibility-bucket/streetview/polygon_4v/20260221T142707Z/0544_backward_40.9735344_29.0460793_298.4.jpg,40.9735344,29.0460793,118.36,298.36,ybqvvoktAXTrtc3i25PpQA
0544,left,uploaded,gs://cv-urban-accessibility-bucket/streetview/polygon_4v/20260221T142707Z/0544_left_40.9735344_29.0460793_28.4.jpg,40.9735344,29.0460793,118.36,28.360000000000014,ybqvvoktAXTrtc3i25PpQA
0545,forward,uploaded,gs://cv-urban-accessibility-bucket/streetview/polygon_4v/20260221T142707Z/0545_forward_40.9734491_29.0462886_183.1.jpg,40.9734491,29.0462886,183.09,183.09,yyMBOX9oxNrqfUibjWcYdA
0545,right,uploaded,gs://cv-urban-accessibility-bucket/streetview/polygon_4v/20260221T142707Z/0545_right_40.9734491_29.0462886_273.1.jpg,40.9734491,29.0462886,183.09,273.09000000000003,yyMBOX9oxNrqfUibjWcYdA
0545,backward,uploaded,gs://cv-urban-accessibility-bucket/streetview/polygon_4v/20260221T142707Z/0545_backward_40.9734491_29.0462886_3.1.jpg,40.9734491,29.0462886,183.09,3.090000000000032,yyMBOX9oxNrqfUibjWcYdA
0545,left,uploaded,gs://cv-urban-accessibility-bucket/streetview/polygon_4v/20260221T142707Z/0545_left_40.9734491_29.0462886_93.1.jpg,40.9734491,29.0462886,183.09,93.09000000000003,yyMBOX9oxNrqfUibjWcYdA
0546,forward,uploaded,gs://cv-urban-accessibility-bucket/streetview/polygon_4v/20260221T142707Z/0546_forward_40.973315_29.046279_208.9.jpg,40.973315,29.046279,208.89,208.89,uMruk4xqXtPEWMVmkf64bg
0546,right,uploaded,gs://cv-urban-accessibility-bucket/streetview/polygon_4v/20260221T142707Z/0546_right_40.973315_29.046279_298.9.jpg,40.973315,29.046279,208.89,298.89,uMruk4xqXtPEWMVmkf64bg
0546,backward,uploaded,gs://cv-urban-accessibility-bucket/streetview/polygon_4v/20260221T142707Z/0546_backward_40.973315_29.046279_28.9.jpg,40.973315,29.046279,208.89,28.889999999999986,uMruk4xqXtPEWMVmkf64bg
0546,left,uploaded,gs://cv-urban-accessibility-bucket/streetview/polygon_4v/20260221T142707Z/0546_left_40.973315_29.046279_118.9.jpg,40.973315,29.046279,208.89,118.88999999999999,uMruk4xqXtPEWMVmkf64bg
0547,forward,uploaded,gs://cv-urban-accessibility-bucket/streetview/polygon_4v/20260221T142707Z/0547_forward_40.9731575_29.0461639_208.9.jpg,40.9731575,29.0461639,208.89,208.89,U9S1SK9Fvja9IJ1s-Bwt_Q
0547,right,uploaded,gs://cv-urban-accessibility-bucket/streetview/polygon_4v/20260221T142707Z/0547_right_40.9731575_29.0461639_298.9.jpg,40.9731575,29.0461639,208.89,298.89,U9S1SK9Fvja9IJ1s-Bwt_Q
0547,backward,uploaded,gs://cv-urban-accessibility-bucket/streetview/polygon_4v/20260221T142707Z/0547_backward_40.9731575_29.0461639_28.9.jpg,40.9731575,29.0461639,208.89,28.889999999999986,U9S1SK9Fvja9IJ1s-Bwt_Q
0547,left,uploaded,gs://cv-urban-accessibility-bucket/streetview/polygon_4v/20260221T142707Z/0547_left_40.9731575_29.0461639_118.9.jpg,40.9731575,29.0461639,208.89,118.88999999999999,U9S1SK9Fvja9IJ1s-Bwt_Q
0548,forward,uploaded,gs://cv-urban-accessibility-bucket/streetview/polygon_4v/20260221T142707Z/0548_forward_40.9729999_29.0460488_208.9.jpg,40.9729999,29.0460488,208.89,208.89,tLx8tOxkXI-xuGA2l8qRVA
0548,right,uploaded,gs://cv-urban-accessibility-bucket/streetview/polygon_4v/20260221T142707Z/0548_right_40.9729999_29.0460488_298.9.jpg,40.9729999,29.0460488,208.89,298.89,tLx8tOxkXI-xuGA2l8qRVA
0548,backward,uploaded,gs://cv-urban-accessibility-bucket/streetview/polygon_4v/20260221T142707Z/0548_backward_40.9729999_29.0460488_28.9.jpg,40.9729999,29.0460488,208.89,28.889999999999986,tLx8tOxkXI-xuGA2l8qRVA
0548,left,uploaded,gs://cv-urban-accessibility-bucket/streetview/polygon_4v/20260221T142707Z/0548_left_40.9729999_29.0460488_118.9.jpg,40.9729999,29.0460488,208.89,118.88999999999999,tLx8tOxkXI-xuGA2l8qRVA
0549,forward,uploaded,gs://cv-urban-accessibility-bucket/streetview/polygon_4v/20260221T142707Z/0549_forward_40.9728424_29.0459336_208.9.jpg,40.9728424,29.0459336,208.89,208.89,xI8KAKu8bBS8FrO4PE51PQ
0549,right,uploaded,gs://cv-urban-accessibility-bucket/streetview/polygon_4v/20260221T142707Z/0549_right_40.9728424_29.0459336_298.9.jpg,40.9728424,29.0459336,208.89,298.89,xI8KAKu8bBS8FrO4PE51PQ
0549,backward,uploaded,gs://cv-urban-accessibility-bucket/streetview/polygon_4v/20260221T142707Z/0549_backward_40.9728424_29.0459336_28.9.jpg,40.9728424,29.0459336,208.89,28.889999999999986,xI8KAKu8bBS8FrO4PE51PQ
0549,left,uploaded,gs://cv-urban-accessibility-bucket/streetview/polygon_4v/20260221T142707Z/0549_left_40.9728424_29.0459336_118.9.jpg,40.9728424,29.0459336,208.89,118.88999999999999,xI8KAKu8bBS8FrO4PE51PQ
0550,forward,uploaded,gs://cv-urban-accessibility-bucket/streetview/polygon_4v/20260221T142707Z/0550_forward_40.9726848_29.0458185_208.9.jpg,40.9726848,29.0458185,208.89,208.89,ZiKlU666m6Gl6xZX_mXXUQ
0550,right,uploaded,gs://cv-urban-accessibility-bucket/streetview/polygon_4v/20260221T142707Z/0550_right_40.9726848_29.0458185_298.9.jpg,40.9726848,29.0458185,208.89,298.89,ZiKlU666m6Gl6xZX_mXXUQ
0550,backward,uploaded,gs://cv-urban-accessibility-bucket/streetview/polygon_4v/20260221T142707Z/0550_backward_40.9726848_29.0458185_28.9.jpg,40.9726848,29.0458185,208.89,28.889999999999986,ZiKlU666m6Gl6xZX_mXXUQ
0550,left,uploaded,gs://cv-urban-accessibility-bucket/streetview/polygon_4v/20260221T142707Z/0550_left_40.9726848_29.0458185_118.9.jpg,40.9726848,29.0458185,208.89,118.88999999999999,ZiKlU666m6Gl6xZX_mXXUQ
0551,forward,uploaded,gs://cv-urban-accessibility-bucket/streetview/polygon_4v/20260221T142707Z/0551_forward_40.9726331_29.0457807_208.9.jpg,40.9726331,29.0457807,208.89,208.89,ZiKlU666m6Gl6xZX_mXXUQ
0551,right,uploaded,gs://cv-urban-accessibility-bucket/streetview/polygon_4v/20260221T142707Z/0551_right_40.9726331_29.0457807_298.9.jpg,40.9726331,29.0457807,208.89,298.89,ZiKlU666m6Gl6xZX_mXXUQ
0551,backward,uploaded,gs://cv-urban-accessibility-bucket/streetview/polygon_4v/20260221T142707Z/0551_backward_40.9726331_29.0457807_28.9.jpg,40.9726331,29.0457807,208.89,28.889999999999986,ZiKlU666m6Gl6xZX_mXXUQ
0551,left,uploaded,gs://cv-urban-accessibility-bucket/streetview/polygon_4v/20260221T142707Z/0551_left_40.9726331_29.0457807_118.9.jpg,40.9726331,29.0457807,208.89,118.88999999999999,ZiKlU666m6Gl6xZX_mXXUQ
0552,forward,uploaded,gs://cv-urban-accessibility-bucket/streetview/polygon_4v/20260221T142707Z/0552_forward_40.9707156_29.0505695_35.3.jpg,40.9707156,29.0505695,35.31,35.31,4MxRSAdwUWoy5vGkgs7_zQ
0552,right,uploaded,gs://cv-urban-accessibility-bucket/streetview/polygon_4v/20260221T142707Z/0552_right_40.9707156_29.0505695_125.3.jpg,40.9707156,29.0505695,35.31,125.31,4MxRSAdwUWoy5vGkgs7_zQ
0552,backward,uploaded,gs://cv-urban-accessibility-bucket/streetview/polygon_4v/20260221T142707Z/0552_backward_40.9707156_29.0505695_215.3.jpg,40.9707156,29.0505695,35.31,215.31,4MxRSAdwUWoy5vGkgs7_zQ
0552,left,uploaded,gs://cv-urban-accessibility-bucket/streetview/polygon_4v/20260221T142707Z/0552_left_40.9707156_29.0505695_305.3.jpg,40.9707156,29.0505695,35.31,305.31,4MxRSAdwUWoy5vGkgs7_zQ
0553,forward,uploaded,gs://cv-urban-accessibility-bucket/streetview/polygon_4v/20260221T142707Z/0553_forward_40.9708624_29.0507072_35.3.jpg,40.9708624,29.0507072,35.31,35.31,7XSiZsOMDsemT-SgrlB9vg
0553,right,uploaded,gs://cv-urban-accessibility-bucket/streetview/polygon_4v/20260221T142707Z/0553_right_40.9708624_29.0507072_125.3.jpg,40.9708624,29.0507072,35.31,125.31,7XSiZsOMDsemT-SgrlB9vg
0553,backward,uploaded,gs://cv-urban-accessibility-bucket/streetview/polygon_4v/20260221T142707Z/0553_backward_40.9708624_29.0507072_215.3.jpg,40.9708624,29.0507072,35.31,215.31,7XSiZsOMDsemT-SgrlB9vg
0553,left,uploaded,gs://cv-urban-accessibility-bucket/streetview/polygon_4v/20260221T142707Z/0553_left_40.9708624_29.0507072_305.3.jpg,40.9708624,29.0507072,35.31,305.31,7XSiZsOMDsemT-SgrlB9vg
0554,forward,uploaded,gs://cv-urban-accessibility-bucket/streetview/polygon_4v/20260221T142707Z/0554_forward_40.9710092_29.0508449_35.3.jpg,40.9710092,29.0508449,35.31,35.31,92ogFuvUv_COUrPSfAWbNg
0554,right,uploaded,gs://cv-urban-accessibility-bucket/streetview/polygon_4v/20260221T142707Z/0554_right_40.9710092_29.0508449_125.3.jpg,40.9710092,29.0508449,35.31,125.31,92ogFuvUv_COUrPSfAWbNg
0554,backward,uploaded,gs://cv-urban-accessibility-bucket/streetview/polygon_4v/20260221T142707Z/0554_backward_40.9710092_29.0508449_215.3.jpg,40.9710092,29.0508449,35.31,215.31,92ogFuvUv_COUrPSfAWbNg
0554,left,uploaded,gs://cv-urban-accessibility-bucket/streetview/polygon_4v/20260221T142707Z/0554_left_40.9710092_29.0508449_305.3.jpg,40.9710092,29.0508449,35.31,305.31,92ogFuvUv_COUrPSfAWbNg
0555,forward,uploaded,gs://cv-urban-accessibility-bucket/streetview/polygon_4v/20260221T142707Z/0555_forward_40.971156_29.0509826_35.3.jpg,40.971156,29.0509826,35.31,35.31,B6e25PScWC-ToNOUof8dpw
0555,right,uploaded,gs://cv-urban-accessibility-bucket/streetview/polygon_4v/20260221T142707Z/0555_right_40.971156_29.0509826_125.3.jpg,40.971156,29.0509826,35.31,125.31,B6e25PScWC-ToNOUof8dpw
0555,backward,uploaded,gs://cv-urban-accessibility-bucket/streetview/polygon_4v/20260221T142707Z/0555_backward_40.971156_29.0509826_215.3.jpg,40.971156,29.0509826,35.31,215.31,B6e25PScWC-ToNOUof8dpw
0555,left,uploaded,gs://cv-urban-accessibility-bucket/streetview/polygon_4v/20260221T142707Z/0555_left_40.971156_29.0509826_305.3.jpg,40.971156,29.0509826,35.31,305.31,B6e25PScWC-ToNOUof8dpw
0556,forward,uploaded,gs://cv-urban-accessibility-bucket/streetview/polygon_4v/20260221T142707Z/0556_forward_40.9713027_29.0511202_35.3.jpg,40.9713027,29.0511202,35.31,35.31,Xb4tVz7mEG5zI56PJ5xVWQ
0556,right,uploaded,gs://cv-urban-accessibility-bucket/streetview/polygon_4v/20260221T142707Z/0556_right_40.9713027_29.0511202_125.3.jpg,40.9713027,29.0511202,35.31,125.31,Xb4tVz7mEG5zI56PJ5xVWQ
0556,backward,uploaded,gs://cv-urban-accessibility-bucket/streetview/polygon_4v/20260221T142707Z/0556_backward_40.9713027_29.0511202_215.3.jpg,40.9713027,29.0511202,35.31,215.31,Xb4tVz7mEG5zI56PJ5xVWQ
0556,left,uploaded,gs://cv-urban-accessibility-bucket/streetview/polygon_4v/20260221T142707Z/0556_left_40.9713027_29.0511202_305.3.jpg,40.9713027,29.0511202,35.31,305.31,Xb4tVz7mEG5zI56PJ5xVWQ
0557,forward,uploaded,gs://cv-urban-accessibility-bucket/streetview/polygon_4v/20260221T142707Z/0557_forward_40.9714495_29.0512579_35.3.jpg,40.9714495,29.0512579,35.31,35.31,DJvU1bukKk0yqADMkcNzaw
0557,right,uploaded,gs://cv-urban-accessibility-bucket/streetview/polygon_4v/20260221T142707Z/0557_right_40.9714495_29.0512579_125.3.jpg,40.9714495,29.0512579,35.31,125.31,DJvU1bukKk0yqADMkcNzaw
0557,backward,uploaded,gs://cv-urban-accessibility-bucket/streetview/polygon_4v/20260221T142707Z/0557_backward_40.9714495_29.0512579_215.3.jpg,40.9714495,29.0512579,35.31,215.31,DJvU1bukKk0yqADMkcNzaw
0557,left,uploaded,gs://cv-urban-accessibility-bucket/streetview/polygon_4v/20260221T142707Z/0557_left_40.9714495_29.0512579_305.3.jpg,40.9714495,29.0512579,35.31,305.31,DJvU1bukKk0yqADMkcNzaw
0558,forward,uploaded,gs://cv-urban-accessibility-bucket/streetview/polygon_4v/20260221T142707Z/0558_forward_40.9715963_29.0513956_35.3.jpg,40.9715963,29.0513956,35.31,35.31,TmXkp0Od9O0J5_6TP3tw5A
0558,right,uploaded,gs://cv-urban-accessibility-bucket/streetview/polygon_4v/20260221T142707Z/0558_right_40.9715963_29.0513956_125.3.jpg,40.9715963,29.0513956,35.31,125.31,TmXkp0Od9O0J5_6TP3tw5A
0558,backward,uploaded,gs://cv-urban-accessibility-bucket/streetview/polygon_4v/20260221T142707Z/0558_backward_40.9715963_29.0513956_215.3.jpg,40.9715963,29.0513956,35.31,215.31,TmXkp0Od9O0J5_6TP3tw5A
0558,left,uploaded,gs://cv-urban-accessibility-bucket/streetview/polygon_4v/20260221T142707Z/0558_left_40.9715963_29.0513956_305.3.jpg,40.9715963,29.0513956,35.31,305.31,TmXkp0Od9O0J5_6TP3tw5A
0559,forward,uploaded,gs://cv-urban-accessibility-bucket/streetview/polygon_4v/20260221T142707Z/0559_forward_40.9717431_29.0515333_35.3.jpg,40.9717431,29.0515333,35.31,35.31,CY2yJ1QMpD0L0TyQYYkOpA
0559,right,uploaded,gs://cv-urban-accessibility-bucket/streetview/polygon_4v/20260221T142707Z/0559_right_40.9717431_29.0515333_125.3.jpg,40.9717431,29.0515333,35.31,125.31,CY2yJ1QMpD0L0TyQYYkOpA
0559,backward,uploaded,gs://cv-urban-accessibility-bucket/streetview/polygon_4v/20260221T142707Z/0559_backward_40.9717431_29.0515333_215.3.jpg,40.9717431,29.0515333,35.31,215.31,CY2yJ1QMpD0L0TyQYYkOpA
0559,left,uploaded,gs://cv-urban-accessibility-bucket/streetview/polygon_4v/20260221T142707Z/0559_left_40.9717431_29.0515333_305.3.jpg,40.9717431,29.0515333,35.31,305.31,CY2yJ1QMpD0L0TyQYYkOpA
0560,forward,uploaded,gs://cv-urban-accessibility-bucket/streetview/polygon_4v/20260221T142707Z/0560_forward_40.9718899_29.051671_35.3.jpg,40.9718899,29.051671,35.31,35.31,PDUg5VifK3mH4mk5pFyRAw
0560,right,uploaded,gs://cv-urban-accessibility-bucket/streetview/polygon_4v/20260221T142707Z/0560_right_40.9718899_29.051671_125.3.jpg,40.9718899,29.051671,35.31,125.31,PDUg5VifK3mH4mk5pFyRAw
0560,backward,uploaded,gs://cv-urban-accessibility-bucket/streetview/polygon_4v/20260221T142707Z/0560_backward_40.9718899_29.051671_215.3.jpg,40.9718899,29.051671,35.31,215.31,PDUg5VifK3mH4mk5pFyRAw
0560,left,uploaded,gs://cv-urban-accessibility-bucket/streetview/polygon_4v/20260221T142707Z/0560_left_40.9718899_29.051671_305.3.jpg,40.9718899,29.051671,35.31,305.31,PDUg5VifK3mH4mk5pFyRAw
0561,forward,uploaded,gs://cv-urban-accessibility-bucket/streetview/polygon_4v/20260221T142707Z/0561_forward_40.9719322_29.0517107_35.3.jpg,40.9719322,29.0517107,35.31,35.31,PDUg5VifK3mH4mk5pFyRAw
0561,right,uploaded,gs://cv-urban-accessibility-bucket/streetview/polygon_4v/20260221T142707Z/0561_right_40.9719322_29.0517107_125.3.jpg,40.9719322,29.0517107,35.31,125.31,PDUg5VifK3mH4mk5pFyRAw
0561,backward,uploaded,gs://cv-urban-accessibility-bucket/streetview/polygon_4v/20260221T142707Z/0561_backward_40.9719322_29.0517107_215.3.jpg,40.9719322,29.0517107,35.31,215.31,PDUg5VifK3mH4mk5pFyRAw
0561,left,uploaded,gs://cv-urban-accessibility-bucket/streetview/polygon_4v/20260221T142707Z/0561_left_40.9719322_29.0517107_305.3.jpg,40.9719322,29.0517107,35.31,305.31,PDUg5VifK3mH4mk5pFyRAw
0562,forward,uploaded,gs://cv-urban-accessibility-bucket/streetview/polygon_4v/20260221T142707Z/0562_forward_40.9689717_29.0642892_303.9.jpg,40.9689717,29.0642892,303.89,303.89,i0SHPpguBzQ7QmGr_8xeew
0562,right,uploaded,gs://cv-urban-accessibility-bucket/streetview/polygon_4v/20260221T142707Z/0562_right_40.9689717_29.0642892_33.9.jpg,40.9689717,29.0642892,303.89,33.889999999999986,i0SHPpguBzQ7QmGr_8xeew
0562,backward,uploaded,gs://cv-urban-accessibility-bucket/streetview/polygon_4v/20260221T142707Z/0562_backward_40.9689717_29.0642892_123.9.jpg,40.9689717,29.0642892,303.89,123.88999999999999,i0SHPpguBzQ7QmGr_8xeew
0562,left,uploaded,gs://cv-urban-accessibility-bucket/streetview/polygon_4v/20260221T142707Z/0562_left_40.9689717_29.0642892_213.9.jpg,40.9689717,29.0642892,303.89,213.89,i0SHPpguBzQ7QmGr_8xeew
0563,forward,uploaded,gs://cv-urban-accessibility-bucket/streetview/polygon_4v/20260221T142707Z/0563_forward_40.9690717_29.0640921_305.6.jpg,40.9690717,29.0640921,305.59,305.59,Yle7ay1jEEvREN5cdt66dQ
0563,right,uploaded,gs://cv-urban-accessibility-bucket/streetview/polygon_4v/20260221T142707Z/0563_right_40.9690717_29.0640921_35.6.jpg,40.9690717,29.0640921,305.59,35.589999999999975,Yle7ay1jEEvREN5cdt66dQ
0563,backward,uploaded,gs://cv-urban-accessibility-bucket/streetview/polygon_4v/20260221T142707Z/0563_backward_40.9690717_29.0640921_125.6.jpg,40.9690717,29.0640921,305.59,125.58999999999997,Yle7ay1jEEvREN5cdt66dQ
0563,left,uploaded,gs://cv-urban-accessibility-bucket/streetview/polygon_4v/20260221T142707Z/0563_left_40.9690717_29.0640921_215.6.jpg,40.9690717,29.0640921,305.59,215.58999999999992,Yle7ay1jEEvREN5cdt66dQ
0564,forward,uploaded,gs://cv-urban-accessibility-bucket/streetview/polygon_4v/20260221T142707Z/0564_forward_40.9691762_29.0638987_305.2.jpg,40.9691762,29.0638987,305.25,305.25,CAoSFkNJSE0wb2dLRUlDQWdJQzRtdkduQXc.
0564,right,uploaded,gs://cv-urban-accessibility-bucket/streetview/polygon_4v/20260221T142707Z/0564_right_40.9691762_29.0638987_35.2.jpg,40.9691762,29.0638987,305.25,35.25,CAoSFkNJSE0wb2dLRUlDQWdJQzRtdkduQXc.
0564,backward,uploaded,gs://cv-urban-accessibility-bucket/streetview/polygon_4v/20260221T142707Z/0564_backward_40.9691762_29.0638987_125.2.jpg,40.9691762,29.0638987,305.25,125.25,CAoSFkNJSE0wb2dLRUlDQWdJQzRtdkduQXc.
0564,left,uploaded,gs://cv-urban-accessibility-bucket/streetview/polygon_4v/20260221T142707Z/0564_left_40.9691762_29.0638987_215.2.jpg,40.9691762,29.0638987,305.25,215.25,CAoSFkNJSE0wb2dLRUlDQWdJQzRtdkduQXc.
0565,forward,uploaded,gs://cv-urban-accessibility-bucket/streetview/polygon_4v/20260221T142707Z/0565_forward_40.9692799_29.0637044_305.2.jpg,40.9692799,29.0637044,305.25,305.25,CAoSFkNJSE0wb2dLRUlDQWdJQzRtdkduQXc.
0565,right,uploaded,gs://cv-urban-accessibility-bucket/streetview/polygon_4v/20260221T142707Z/0565_right_40.9692799_29.0637044_35.2.jpg,40.9692799,29.0637044,305.25,35.25,CAoSFkNJSE0wb2dLRUlDQWdJQzRtdkduQXc.
0565,backward,uploaded,gs://cv-urban-accessibility-bucket/streetview/polygon_4v/20260221T142707Z/0565_backward_40.9692799_29.0637044_125.2.jpg,40.9692799,29.0637044,305.25,125.25,CAoSFkNJSE0wb2dLRUlDQWdJQzRtdkduQXc.
0565,left,uploaded,gs://cv-urban-accessibility-bucket/streetview/polygon_4v/20260221T142707Z/0565_left_40.9692799_29.0637044_215.2.jpg,40.9692799,29.0637044,305.25,215.25,CAoSFkNJSE0wb2dLRUlDQWdJQzRtdkduQXc.
0566,forward,uploaded,gs://cv-urban-accessibility-bucket/streetview/polygon_4v/20260221T142707Z/0566_forward_40.9693835_29.0635101_305.2.jpg,40.9693835,29.0635101,305.25,305.25,xMk35Z3dOJYuMRMS5eTicg
0566,right,uploaded,gs://cv-urban-accessibility-bucket/streetview/polygon_4v/20260221T142707Z/0566_right_40.9693835_29.0635101_35.2.jpg,40.9693835,29.0635101,305.25,35.25,xMk35Z3dOJYuMRMS5eTicg
0566,backward,uploaded,gs://cv-urban-accessibility-bucket/streetview/polygon_4v/20260221T142707Z/0566_backward_40.9693835_29.0635101_125.2.jpg,40.9693835,29.0635101,305.25,125.25,xMk35Z3dOJYuMRMS5eTicg
0566,left,uploaded,gs://cv-urban-accessibility-bucket/streetview/polygon_4v/20260221T142707Z/0566_left_40.9693835_29.0635101_215.2.jpg,40.9693835,29.0635101,305.25,215.25,xMk35Z3dOJYuMRMS5eTicg
0567,forward,uploaded,gs://cv-urban-accessibility-bucket/streetview/polygon_4v/20260221T142707Z/0567_forward_40.9694872_29.0633157_305.2.jpg,40.9694872,29.0633157,305.24,305.24,xC-8zk58UQl0B1Dx3gBkuQ
0567,right,uploaded,gs://cv-urban-accessibility-bucket/streetview/polygon_4v/20260221T142707Z/0567_right_40.9694872_29.0633157_35.2.jpg,40.9694872,29.0633157,305.24,35.24000000000001,xC-8zk58UQl0B1Dx3gBkuQ
0567,backward,uploaded,gs://cv-urban-accessibility-bucket/streetview/polygon_4v/20260221T142707Z/0567_backward_40.9694872_29.0633157_125.2.jpg,40.9694872,29.0633157,305.24,125.24000000000001,xC-8zk58UQl0B1Dx3gBkuQ
0567,left,uploaded,gs://cv-urban-accessibility-bucket/streetview/polygon_4v/20260221T142707Z/0567_left_40.9694872_29.0633157_215.2.jpg,40.9694872,29.0633157,305.24,215.24,xC-8zk58UQl0B1Dx3gBkuQ
0568,forward,uploaded,gs://cv-urban-accessibility-bucket/streetview/polygon_4v/20260221T142707Z/0568_forward_40.9695909_29.0631214_305.2.jpg,40.9695909,29.0631214,305.24,305.24,rgndlqzenSYn1wV664jxvQ
0568,right,uploaded,gs://cv-urban-accessibility-bucket/streetview/polygon_4v/20260221T142707Z/0568_right_40.9695909_29.0631214_35.2.jpg,40.9695909,29.0631214,305.24,35.24000000000001,rgndlqzenSYn1wV664jxvQ
0568,backward,uploaded,gs://cv-urban-accessibility-bucket/streetview/polygon_4v/20260221T142707Z/0568_backward_40.9695909_29.0631214_125.2.jpg,40.9695909,29.0631214,305.24,125.24000000000001,rgndlqzenSYn1wV664jxvQ
0568,left,uploaded,gs://cv-urban-accessibility-bucket/streetview/polygon_4v/20260221T142707Z/0568_left_40.9695909_29.0631214_215.2.jpg,40.9695909,29.0631214,305.24,215.24,rgndlqzenSYn1wV664jxvQ
0569,forward,uploaded,gs://cv-urban-accessibility-bucket/streetview/polygon_4v/20260221T142707Z/0569_forward_40.9696945_29.0629271_305.2.jpg,40.9696945,29.0629271,305.24,305.24,r2Bj939rPksyCCw6_p-nuQ
0569,right,uploaded,gs://cv-urban-accessibility-bucket/streetview/polygon_4v/20260221T142707Z/0569_right_40.9696945_29.0629271_35.2.jpg,40.9696945,29.0629271,305.24,35.24000000000001,r2Bj939rPksyCCw6_p-nuQ
0569,backward,uploaded,gs://cv-urban-accessibility-bucket/streetview/polygon_4v/20260221T142707Z/0569_backward_40.9696945_29.0629271_125.2.jpg,40.9696945,29.0629271,305.24,125.24000000000001,r2Bj939rPksyCCw6_p-nuQ
0569,left,uploaded,gs://cv-urban-accessibility-bucket/streetview/polygon_4v/20260221T142707Z/0569_left_40.9696945_29.0629271_215.2.jpg,40.9696945,29.0629271,305.24,215.24,r2Bj939rPksyCCw6_p-nuQ
0570,forward,uploaded,gs://cv-urban-accessibility-bucket/streetview/polygon_4v/20260221T142707Z/0570_forward_40.9697982_29.0627328_305.2.jpg,40.9697982,29.0627328,305.24,305.24,Mh9GY3iPpRjZNyfi5uyk9w
0570,right,uploaded,gs://cv-urban-accessibility-bucket/streetview/polygon_4v/20260221T142707Z/0570_right_40.9697982_29.0627328_35.2.jpg,40.9697982,29.0627328,305.24,35.24000000000001,Mh9GY3iPpRjZNyfi5uyk9w
0570,backward,uploaded,gs://cv-urban-accessibility-bucket/streetview/polygon_4v/20260221T142707Z/0570_backward_40.9697982_29.0627328_125.2.jpg,40.9697982,29.0627328,305.24,125.24000000000001,Mh9GY3iPpRjZNyfi5uyk9w
0570,left,uploaded,gs://cv-urban-accessibility-bucket/streetview/polygon_4v/20260221T142707Z/0570_left_40.9697982_29.0627328_215.2.jpg,40.9697982,29.0627328,305.24,215.24,Mh9GY3iPpRjZNyfi5uyk9w
0571,forward,uploaded,gs://cv-urban-accessibility-bucket/streetview/polygon_4v/20260221T142707Z/0571_forward_40.9698243_29.0626839_305.2.jpg,40.9698243,29.0626839,305.24,305.24,Mh9GY3iPpRjZNyfi5uyk9w
0571,right,uploaded,gs://cv-urban-accessibility-bucket/streetview/polygon_4v/20260221T142707Z/0571_right_40.9698243_29.0626839_35.2.jpg,40.9698243,29.0626839,305.24,35.24000000000001,Mh9GY3iPpRjZNyfi5uyk9w
0571,backward,uploaded,gs://cv-urban-accessibility-bucket/streetview/polygon_4v/20260221T142707Z/0571_backward_40.9698243_29.0626839_125.2.jpg,40.9698243,29.0626839,305.24,125.24000000000001,Mh9GY3iPpRjZNyfi5uyk9w
0571,left,uploaded,gs://cv-urban-accessibility-bucket/streetview/polygon_4v/20260221T142707Z/0571_left_40.9698243_29.0626839_215.2.jpg,40.9698243,29.0626839,305.24,215.24,Mh9GY3iPpRjZNyfi5uyk9w
0572,forward,uploaded,gs://cv-urban-accessibility-bucket/streetview/polygon_4v/20260221T142707Z/0572_forward_40.9698243_29.0626839_125.2.jpg,40.9698243,29.0626839,125.24,125.24,Mh9GY3iPpRjZNyfi5uyk9w
0572,right,uploaded,gs://cv-urban-accessibility-bucket/streetview/polygon_4v/20260221T142707Z/0572_right_40.9698243_29.0626839_215.2.jpg,40.9698243,29.0626839,125.24,215.24,Mh9GY3iPpRjZNyfi5uyk9w
0572,backward,uploaded,gs://cv-urban-accessibility-bucket/streetview/polygon_4v/20260221T142707Z/0572_backward_40.9698243_29.0626839_305.2.jpg,40.9698243,29.0626839,125.24,305.24,Mh9GY3iPpRjZNyfi5uyk9w
0572,left,uploaded,gs://cv-urban-accessibility-bucket/streetview/polygon_4v/20260221T142707Z/0572_left_40.9698243_29.0626839_35.2.jpg,40.9698243,29.0626839,125.24,35.24000000000001,Mh9GY3iPpRjZNyfi5uyk9w
0573,forward,uploaded,gs://cv-urban-accessibility-bucket/streetview/polygon_4v/20260221T142707Z/0573_forward_40.9697206_29.0628782_125.2.jpg,40.9697206,29.0628782,125.24,125.24,LZzo0gosA7KxXvF1MOk0vA
0573,right,uploaded,gs://cv-urban-accessibility-bucket/streetview/polygon_4v/20260221T142707Z/0573_right_40.9697206_29.0628782_215.2.jpg,40.9697206,29.0628782,125.24,215.24,LZzo0gosA7KxXvF1MOk0vA
0573,backward,uploaded,gs://cv-urban-accessibility-bucket/streetview/polygon_4v/20260221T142707Z/0573_backward_40.9697206_29.0628782_305.2.jpg,40.9697206,29.0628782,125.24,305.24,LZzo0gosA7KxXvF1MOk0vA
0573,left,uploaded,gs://cv-urban-accessibility-bucket/streetview/polygon_4v/20260221T142707Z/0573_left_40.9697206_29.0628782_35.2.jpg,40.9697206,29.0628782,125.24,35.24000000000001,LZzo0gosA7KxXvF1MOk0vA
0574,forward,uploaded,gs://cv-urban-accessibility-bucket/streetview/polygon_4v/20260221T142707Z/0574_forward_40.969617_29.0630725_125.2.jpg,40.969617,29.0630725,125.24,125.24,rgndlqzenSYn1wV664jxvQ
0574,right,uploaded,gs://cv-urban-accessibility-bucket/streetview/polygon_4v/20260221T142707Z/0574_right_40.969617_29.0630725_215.2.jpg,40.969617,29.0630725,125.24,215.24,rgndlqzenSYn1wV664jxvQ
0574,backward,uploaded,gs://cv-urban-accessibility-bucket/streetview/polygon_4v/20260221T142707Z/0574_backward_40.969617_29.0630725_305.2.jpg,40.969617,29.0630725,125.24,305.24,rgndlqzenSYn1wV664jxvQ
0574,left,uploaded,gs://cv-urban-accessibility-bucket/streetview/polygon_4v/20260221T142707Z/0574_left_40.969617_29.0630725_35.2.jpg,40.969617,29.0630725,125.24,35.24000000000001,rgndlqzenSYn1wV664jxvQ
0575,forward,uploaded,gs://cv-urban-accessibility-bucket/streetview/polygon_4v/20260221T142707Z/0575_forward_40.9695133_29.0632668_125.2.jpg,40.9695133,29.0632668,125.24,125.24,xC-8zk58UQl0B1Dx3gBkuQ
0575,right,uploaded,gs://cv-urban-accessibility-bucket/streetview/polygon_4v/20260221T142707Z/0575_right_40.9695133_29.0632668_215.2.jpg,40.9695133,29.0632668,125.24,215.24,xC-8zk58UQl0B1Dx3gBkuQ
0575,backward,uploaded,gs://cv-urban-accessibility-bucket/streetview/polygon_4v/20260221T142707Z/0575_backward_40.9695133_29.0632668_305.2.jpg,40.9695133,29.0632668,125.24,305.24,xC-8zk58UQl0B1Dx3gBkuQ
0575,left,uploaded,gs://cv-urban-accessibility-bucket/streetview/polygon_4v/20260221T142707Z/0575_left_40.9695133_29.0632668_35.2.jpg,40.9695133,29.0632668,125.24,35.24000000000001,xC-8zk58UQl0B1Dx3gBkuQ
0576,forward,uploaded,gs://cv-urban-accessibility-bucket/streetview/polygon_4v/20260221T142707Z/0576_forward_40.9694096_29.0634611_125.2.jpg,40.9694096,29.0634611,125.25,125.25,xMk35Z3dOJYuMRMS5eTicg
0576,right,uploaded,gs://cv-urban-accessibility-bucket/streetview/polygon_4v/20260221T142707Z/0576_right_40.9694096_29.0634611_215.2.jpg,40.9694096,29.0634611,125.25,215.25,xMk35Z3dOJYuMRMS5eTicg
0576,backward,uploaded,gs://cv-urban-accessibility-bucket/streetview/polygon_4v/20260221T142707Z/0576_backward_40.9694096_29.0634611_305.2.jpg,40.9694096,29.0634611,125.25,305.25,xMk35Z3dOJYuMRMS5eTicg
0576,left,uploaded,gs://cv-urban-accessibility-bucket/streetview/polygon_4v/20260221T142707Z/0576_left_40.9694096_29.0634611_35.2.jpg,40.9694096,29.0634611,125.25,35.25,xMk35Z3dOJYuMRMS5eTicg
0577,forward,uploaded,gs://cv-urban-accessibility-bucket/streetview/polygon_4v/20260221T142707Z/0577_forward_40.969306_29.0636554_125.2.jpg,40.969306,29.0636554,125.25,125.25,L7GqfV2P-CmhNQmzxkbZjg
0577,right,uploaded,gs://cv-urban-accessibility-bucket/streetview/polygon_4v/20260221T142707Z/0577_right_40.969306_29.0636554_215.2.jpg,40.969306,29.0636554,125.25,215.25,L7GqfV2P-CmhNQmzxkbZjg
0577,backward,uploaded,gs://cv-urban-accessibility-bucket/streetview/polygon_4v/20260221T142707Z/0577_backward_40.969306_29.0636554_305.2.jpg,40.969306,29.0636554,125.25,305.25,L7GqfV2P-CmhNQmzxkbZjg
0577,left,uploaded,gs://cv-urban-accessibility-bucket/streetview/polygon_4v/20260221T142707Z/0577_left_40.969306_29.0636554_35.2.jpg,40.969306,29.0636554,125.25,35.25,L7GqfV2P-CmhNQmzxkbZjg
0578,forward,uploaded,gs://cv-urban-accessibility-bucket/streetview/polygon_4v/20260221T142707Z/0578_forward_40.9692023_29.0638497_125.4.jpg,40.9692023,29.0638497,125.38,125.38,CAoSFkNJSE0wb2dLRUlDQWdJQzRtdkduQXc.
0578,right,uploaded,gs://cv-urban-accessibility-bucket/streetview/polygon_4v/20260221T142707Z/0578_right_40.9692023_29.0638497_215.4.jpg,40.9692023,29.0638497,125.38,215.38,CAoSFkNJSE0wb2dLRUlDQWdJQzRtdkduQXc.
0578,backward,uploaded,gs://cv-urban-accessibility-bucket/streetview/polygon_4v/20260221T142707Z/0578_backward_40.9692023_29.0638497_305.4.jpg,40.9692023,29.0638497,125.38,305.38,CAoSFkNJSE0wb2dLRUlDQWdJQzRtdkduQXc.
0578,left,uploaded,gs://cv-urban-accessibility-bucket/streetview/polygon_4v/20260221T142707Z/0578_left_40.9692023_29.0638497_35.4.jpg,40.9692023,29.0638497,125.38,35.379999999999995,CAoSFkNJSE0wb2dLRUlDQWdJQzRtdkduQXc.
0579,forward,uploaded,gs://cv-urban-accessibility-bucket/streetview/polygon_4v/20260221T142707Z/0579_forward_40.9690983_29.0640437_126.0.jpg,40.9690983,29.0640437,125.97,125.97,Yle7ay1jEEvREN5cdt66dQ
0579,right,uploaded,gs://cv-urban-accessibility-bucket/streetview/polygon_4v/20260221T142707Z/0579_right_40.9690983_29.0640437_216.0.jpg,40.9690983,29.0640437,125.97,215.97,Yle7ay1jEEvREN5cdt66dQ
0579,backward,uploaded,gs://cv-urban-accessibility-bucket/streetview/polygon_4v/20260221T142707Z/0579_backward_40.9690983_29.0640437_306.0.jpg,40.9690983,29.0640437,125.97,305.97,Yle7ay1jEEvREN5cdt66dQ
0579,left,uploaded,gs://cv-urban-accessibility-bucket/streetview/polygon_4v/20260221T142707Z/0579_left_40.9690983_29.0640437_36.0.jpg,40.9690983,29.0640437,125.97,35.97000000000003,Yle7ay1jEEvREN5cdt66dQ
0580,forward,uploaded,gs://cv-urban-accessibility-bucket/streetview/polygon_4v/20260221T142707Z/0580_forward_40.9689928_29.0642362_117.8.jpg,40.9689928,29.0642362,117.83,117.83,i0SHPpguBzQ7QmGr_8xeew
0580,right,uploaded,gs://cv-urban-accessibility-bucket/streetview/polygon_4v/20260221T142707Z/0580_right_40.9689928_29.0642362_207.8.jpg,40.9689928,29.0642362,117.83,207.82999999999998,i0SHPpguBzQ7QmGr_8xeew
0580,backward,uploaded,gs://cv-urban-accessibility-bucket/streetview/polygon_4v/20260221T142707Z/0580_backward_40.9689928_29.0642362_297.8.jpg,40.9689928,29.0642362,117.83,297.83,i0SHPpguBzQ7QmGr_8xeew
0580,left,uploaded,gs://cv-urban-accessibility-bucket/streetview/polygon_4v/20260221T142707Z/0580_left_40.9689928_29.0642362_27.8.jpg,40.9689928,29.0642362,117.83,27.829999999999984,i0SHPpguBzQ7QmGr_8xeew
0581,forward,uploaded,gs://cv-urban-accessibility-bucket/streetview/polygon_4v/20260221T142707Z/0581_forward_40.9689717_29.0642892_117.8.jpg,40.9689717,29.0642892,117.83,117.83,i0SHPpguBzQ7QmGr_8xeew
0581,right,uploaded,gs://cv-urban-accessibility-bucket/streetview/polygon_4v/20260221T142707Z/0581_right_40.9689717_29.0642892_207.8.jpg,40.9689717,29.0642892,117.83,207.82999999999998,i0SHPpguBzQ7QmGr_8xeew
0581,backward,uploaded,gs://cv-urban-accessibility-bucket/streetview/polygon_4v/20260221T142707Z/0581_backward_40.9689717_29.0642892_297.8.jpg,40.9689717,29.0642892,117.83,297.83,i0SHPpguBzQ7QmGr_8xeew
0581,left,uploaded,gs://cv-urban-accessibility-bucket/streetview/polygon_4v/20260221T142707Z/0581_left_40.9689717_29.0642892_27.8.jpg,40.9689717,29.0642892,117.83,27.829999999999984,i0SHPpguBzQ7QmGr_8xeew
0582,forward,uploaded,gs://cv-urban-accessibility-bucket/streetview/polygon_4v/20260221T142707Z/0582_forward_40.9757823_29.0581093_296.1.jpg,40.9757823,29.0581093,296.08,296.08,z4DkLArNPl8gQJdddXUSIg
0582,right,uploaded,gs://cv-urban-accessibility-bucket/streetview/polygon_4v/20260221T142707Z/0582_right_40.9757823_29.0581093_26.1.jpg,40.9757823,29.0581093,296.08,26.079999999999984,z4DkLArNPl8gQJdddXUSIg
0582,backward,uploaded,gs://cv-urban-accessibility-bucket/streetview/polygon_4v/20260221T142707Z/0582_backward_40.9757823_29.0581093_116.1.jpg,40.9757823,29.0581093,296.08,116.07999999999998,z4DkLArNPl8gQJdddXUSIg
0582,left,uploaded,gs://cv-urban-accessibility-bucket/streetview/polygon_4v/20260221T142707Z/0582_left_40.9757823_29.0581093_206.1.jpg,40.9757823,29.0581093,296.08,206.07999999999993,z4DkLArNPl8gQJdddXUSIg
0583,forward,uploaded,gs://cv-urban-accessibility-bucket/streetview/polygon_4v/20260221T142707Z/0583_forward_40.9758612_29.0578957_296.1.jpg,40.9758612,29.0578957,296.08,296.08,5xl2ppjpYMvdA6gRLzwNLw
0583,right,uploaded,gs://cv-urban-accessibility-bucket/streetview/polygon_4v/20260221T142707Z/0583_right_40.9758612_29.0578957_26.1.jpg,40.9758612,29.0578957,296.08,26.079999999999984,5xl2ppjpYMvdA6gRLzwNLw
0583,backward,uploaded,gs://cv-urban-accessibility-bucket/streetview/polygon_4v/20260221T142707Z/0583_backward_40.9758612_29.0578957_116.1.jpg,40.9758612,29.0578957,296.08,116.07999999999998,5xl2ppjpYMvdA6gRLzwNLw
0583,left,uploaded,gs://cv-urban-accessibility-bucket/streetview/polygon_4v/20260221T142707Z/0583_left_40.9758612_29.0578957_206.1.jpg,40.9758612,29.0578957,296.08,206.07999999999993,5xl2ppjpYMvdA6gRLzwNLw
0584,forward,uploaded,gs://cv-urban-accessibility-bucket/streetview/polygon_4v/20260221T142707Z/0584_forward_40.9759402_29.0576821_296.1.jpg,40.9759402,29.0576821,296.08,296.08,OvirlwxyI6id0v8O0q47og
0584,right,uploaded,gs://cv-urban-accessibility-bucket/streetview/polygon_4v/20260221T142707Z/0584_right_40.9759402_29.0576821_26.1.jpg,40.9759402,29.0576821,296.08,26.079999999999984,OvirlwxyI6id0v8O0q47og
0584,backward,uploaded,gs://cv-urban-accessibility-bucket/streetview/polygon_4v/20260221T142707Z/0584_backward_40.9759402_29.0576821_116.1.jpg,40.9759402,29.0576821,296.08,116.07999999999998,OvirlwxyI6id0v8O0q47og
0584,left,uploaded,gs://cv-urban-accessibility-bucket/streetview/polygon_4v/20260221T142707Z/0584_left_40.9759402_29.0576821_206.1.jpg,40.9759402,29.0576821,296.08,206.07999999999993,OvirlwxyI6id0v8O0q47og
0585,forward,uploaded,gs://cv-urban-accessibility-bucket/streetview/polygon_4v/20260221T142707Z/0585_forward_40.9760191_29.0574685_296.1.jpg,40.9760191,29.0574685,296.08,296.08,gW2eV3IxyC3vacHP9ZoKew
0585,right,uploaded,gs://cv-urban-accessibility-bucket/streetview/polygon_4v/20260221T142707Z/0585_right_40.9760191_29.0574685_26.1.jpg,40.9760191,29.0574685,296.08,26.079999999999984,gW2eV3IxyC3vacHP9ZoKew
0585,backward,uploaded,gs://cv-urban-accessibility-bucket/streetview/polygon_4v/20260221T142707Z/0585_backward_40.9760191_29.0574685_116.1.jpg,40.9760191,29.0574685,296.08,116.07999999999998,gW2eV3IxyC3vacHP9ZoKew
0585,left,uploaded,gs://cv-urban-accessibility-bucket/streetview/polygon_4v/20260221T142707Z/0585_left_40.9760191_29.0574685_206.1.jpg,40.9760191,29.0574685,296.08,206.07999999999993,gW2eV3IxyC3vacHP9ZoKew
0586,forward,uploaded,gs://cv-urban-accessibility-bucket/streetview/polygon_4v/20260221T142707Z/0586_forward_40.976098_29.0572549_296.1.jpg,40.976098,29.0572549,296.08,296.08,5Q1Nd96TGlbErEykjRN2sQ
0586,right,uploaded,gs://cv-urban-accessibility-bucket/streetview/polygon_4v/20260221T142707Z/0586_right_40.976098_29.0572549_26.1.jpg,40.976098,29.0572549,296.08,26.079999999999984,5Q1Nd96TGlbErEykjRN2sQ
0586,backward,uploaded,gs://cv-urban-accessibility-bucket/streetview/polygon_4v/20260221T142707Z/0586_backward_40.976098_29.0572549_116.1.jpg,40.976098,29.0572549,296.08,116.07999999999998,5Q1Nd96TGlbErEykjRN2sQ
0586,left,uploaded,gs://cv-urban-accessibility-bucket/streetview/polygon_4v/20260221T142707Z/0586_left_40.976098_29.0572549_206.1.jpg,40.976098,29.0572549,296.08,206.07999999999993,5Q1Nd96TGlbErEykjRN2sQ
0587,forward,uploaded,gs://cv-urban-accessibility-bucket/streetview/polygon_4v/20260221T142707Z/0587_forward_40.976177_29.0570413_296.1.jpg,40.976177,29.0570413,296.08,296.08,j5707polfS0w1TBrrxDpfA
0587,right,uploaded,gs://cv-urban-accessibility-bucket/streetview/polygon_4v/20260221T142707Z/0587_right_40.976177_29.0570413_26.1.jpg,40.976177,29.0570413,296.08,26.079999999999984,j5707polfS0w1TBrrxDpfA
0587,backward,uploaded,gs://cv-urban-accessibility-bucket/streetview/polygon_4v/20260221T142707Z/0587_backward_40.976177_29.0570413_116.1.jpg,40.976177,29.0570413,296.08,116.07999999999998,j5707polfS0w1TBrrxDpfA
0587,left,uploaded,gs://cv-urban-accessibility-bucket/streetview/polygon_4v/20260221T142707Z/0587_left_40.976177_29.0570413_206.1.jpg,40.976177,29.0570413,296.08,206.07999999999993,j5707polfS0w1TBrrxDpfA
0588,forward,uploaded,gs://cv-urban-accessibility-bucket/streetview/polygon_4v/20260221T142707Z/0588_forward_40.9762559_29.0568277_296.1.jpg,40.9762559,29.0568277,296.08,296.08,YVSKjnkOKl8M_iGXAgXw0w
0588,right,uploaded,gs://cv-urban-accessibility-bucket/streetview/polygon_4v/20260221T142707Z/0588_right_40.9762559_29.0568277_26.1.jpg,40.9762559,29.0568277,296.08,26.079999999999984,YVSKjnkOKl8M_iGXAgXw0w
0588,backward,uploaded,gs://cv-urban-accessibility-bucket/streetview/polygon_4v/20260221T142707Z/0588_backward_40.9762559_29.0568277_116.1.jpg,40.9762559,29.0568277,296.08,116.07999999999998,YVSKjnkOKl8M_iGXAgXw0w
0588,left,uploaded,gs://cv-urban-accessibility-bucket/streetview/polygon_4v/20260221T142707Z/0588_left_40.9762559_29.0568277_206.1.jpg,40.9762559,29.0568277,296.08,206.07999999999993,YVSKjnkOKl8M_iGXAgXw0w
0589,forward,uploaded,gs://cv-urban-accessibility-bucket/streetview/polygon_4v/20260221T142707Z/0589_forward_40.9763348_29.0566141_296.1.jpg,40.9763348,29.0566141,296.08,296.08,DcOkfY5K1tVMjkl0Sl9JZw
0589,right,uploaded,gs://cv-urban-accessibility-bucket/streetview/polygon_4v/20260221T142707Z/0589_right_40.9763348_29.0566141_26.1.jpg,40.9763348,29.0566141,296.08,26.079999999999984,DcOkfY5K1tVMjkl0Sl9JZw
0589,backward,uploaded,gs://cv-urban-accessibility-bucket/streetview/polygon_4v/20260221T142707Z/0589_backward_40.9763348_29.0566141_116.1.jpg,40.9763348,29.0566141,296.08,116.07999999999998,DcOkfY5K1tVMjkl0Sl9JZw
0589,left,uploaded,gs://cv-urban-accessibility-bucket/streetview/polygon_4v/20260221T142707Z/0589_left_40.9763348_29.0566141_206.1.jpg,40.9763348,29.0566141,296.08,206.07999999999993,DcOkfY5K1tVMjkl0Sl9JZw
0590,forward,uploaded,gs://cv-urban-accessibility-bucket/streetview/polygon_4v/20260221T142707Z/0590_forward_40.9764138_29.0564005_296.1.jpg,40.9764138,29.0564005,296.08,296.08,JFnJe5RP7icn3dAylZXYng
0590,right,uploaded,gs://cv-urban-accessibility-bucket/streetview/polygon_4v/20260221T142707Z/0590_right_40.9764138_29.0564005_26.1.jpg,40.9764138,29.0564005,296.08,26.079999999999984,JFnJe5RP7icn3dAylZXYng
0590,backward,uploaded,gs://cv-urban-accessibility-bucket/streetview/polygon_4v/20260221T142707Z/0590_backward_40.9764138_29.0564005_116.1.jpg,40.9764138,29.0564005,296.08,116.07999999999998,JFnJe5RP7icn3dAylZXYng
0590,left,uploaded,gs://cv-urban-accessibility-bucket/streetview/polygon_4v/20260221T142707Z/0590_left_40.9764138_29.0564005_206.1.jpg,40.9764138,29.0564005,296.08,206.07999999999993,JFnJe5RP7icn3dAylZXYng
0591,forward,uploaded,gs://cv-urban-accessibility-bucket/streetview/polygon_4v/20260221T142707Z/0591_forward_40.9764334_29.0563474_296.1.jpg,40.9764334,29.0563474,296.08,296.08,JFnJe5RP7icn3dAylZXYng
0591,right,uploaded,gs://cv-urban-accessibility-bucket/streetview/polygon_4v/20260221T142707Z/0591_right_40.9764334_29.0563474_26.1.jpg,40.9764334,29.0563474,296.08,26.079999999999984,JFnJe5RP7icn3dAylZXYng
0591,backward,uploaded,gs://cv-urban-accessibility-bucket/streetview/polygon_4v/20260221T142707Z/0591_backward_40.9764334_29.0563474_116.1.jpg,40.9764334,29.0563474,296.08,116.07999999999998,JFnJe5RP7icn3dAylZXYng
0591,left,uploaded,gs://cv-urban-accessibility-bucket/streetview/polygon_4v/20260221T142707Z/0591_left_40.9764334_29.0563474_206.1.jpg,40.9764334,29.0563474,296.08,206.07999999999993,JFnJe5RP7icn3dAylZXYng
0592,forward,uploaded,gs://cv-urban-accessibility-bucket/streetview/polygon_4v/20260221T142707Z/0592_forward_40.9721324_29.0543093_123.0.jpg,40.9721324,29.0543093,122.99,122.99,Kke5gxRQ232JYaxO6u1yrA
0592,right,uploaded,gs://cv-urban-accessibility-bucket/streetview/polygon_4v/20260221T142707Z/0592_right_40.9721324_29.0543093_213.0.jpg,40.9721324,29.0543093,122.99,212.99,Kke5gxRQ232JYaxO6u1yrA
0592,backward,uploaded,gs://cv-urban-accessibility-bucket/streetview/polygon_4v/20260221T142707Z/0592_backward_40.9721324_29.0543093_303.0.jpg,40.9721324,29.0543093,122.99,302.99,Kke5gxRQ232JYaxO6u1yrA
0592,left,uploaded,gs://cv-urban-accessibility-bucket/streetview/polygon_4v/20260221T142707Z/0592_left_40.9721324_29.0543093_33.0.jpg,40.9721324,29.0543093,122.99,32.99000000000001,Kke5gxRQ232JYaxO6u1yrA
0593,forward,uploaded,gs://cv-urban-accessibility-bucket/streetview/polygon_4v/20260221T142707Z/0593_forward_40.9720346_29.0545088_123.0.jpg,40.9720346,29.0545088,122.99,122.99,6oV-ACKObhLaYMmJdOdpoQ
0593,right,uploaded,gs://cv-urban-accessibility-bucket/streetview/polygon_4v/20260221T142707Z/0593_right_40.9720346_29.0545088_213.0.jpg,40.9720346,29.0545088,122.99,212.99,6oV-ACKObhLaYMmJdOdpoQ
0593,backward,uploaded,gs://cv-urban-accessibility-bucket/streetview/polygon_4v/20260221T142707Z/0593_backward_40.9720346_29.0545088_303.0.jpg,40.9720346,29.0545088,122.99,302.99,6oV-ACKObhLaYMmJdOdpoQ
0593,left,uploaded,gs://cv-urban-accessibility-bucket/streetview/polygon_4v/20260221T142707Z/0593_left_40.9720346_29.0545088_33.0.jpg,40.9720346,29.0545088,122.99,32.99000000000001,6oV-ACKObhLaYMmJdOdpoQ
0594,forward,uploaded,gs://cv-urban-accessibility-bucket/streetview/polygon_4v/20260221T142707Z/0594_forward_40.9719368_29.0547084_123.0.jpg,40.9719368,29.0547084,122.99,122.99,5o_3htJTUfcgY-fOebe9-Q
0594,right,uploaded,gs://cv-urban-accessibility-bucket/streetview/polygon_4v/20260221T142707Z/0594_right_40.9719368_29.0547084_213.0.jpg,40.9719368,29.0547084,122.99,212.99,5o_3htJTUfcgY-fOebe9-Q
0594,backward,uploaded,gs://cv-urban-accessibility-bucket/streetview/polygon_4v/20260221T142707Z/0594_backward_40.9719368_29.0547084_303.0.jpg,40.9719368,29.0547084,122.99,302.99,5o_3htJTUfcgY-fOebe9-Q
0594,left,uploaded,gs://cv-urban-accessibility-bucket/streetview/polygon_4v/20260221T142707Z/0594_left_40.9719368_29.0547084_33.0.jpg,40.9719368,29.0547084,122.99,32.99000000000001,5o_3htJTUfcgY-fOebe9-Q
0595,forward,uploaded,gs://cv-urban-accessibility-bucket/streetview/polygon_4v/20260221T142707Z/0595_forward_40.971839_29.0549079_123.0.jpg,40.971839,29.0549079,122.99,122.99,o3iObowGTNikQ46Q5Fwo1g
0595,right,uploaded,gs://cv-urban-accessibility-bucket/streetview/polygon_4v/20260221T142707Z/0595_right_40.971839_29.0549079_213.0.jpg,40.971839,29.0549079,122.99,212.99,o3iObowGTNikQ46Q5Fwo1g
0595,backward,uploaded,gs://cv-urban-accessibility-bucket/streetview/polygon_4v/20260221T142707Z/0595_backward_40.971839_29.0549079_303.0.jpg,40.971839,29.0549079,122.99,302.99,o3iObowGTNikQ46Q5Fwo1g
0595,left,uploaded,gs://cv-urban-accessibility-bucket/streetview/polygon_4v/20260221T142707Z/0595_left_40.971839_29.0549079_33.0.jpg,40.971839,29.0549079,122.99,32.99000000000001,o3iObowGTNikQ46Q5Fwo1g
0596,forward,uploaded,gs://cv-urban-accessibility-bucket/streetview/polygon_4v/20260221T142707Z/0596_forward_40.9717412_29.0551074_123.0.jpg,40.9717412,29.0551074,122.99,122.99,XFsdE8fqUzSCtPWINXCqXg
0596,right,uploaded,gs://cv-urban-accessibility-bucket/streetview/polygon_4v/20260221T142707Z/0596_right_40.9717412_29.0551074_213.0.jpg,40.9717412,29.0551074,122.99,212.99,XFsdE8fqUzSCtPWINXCqXg
0596,backward,uploaded,gs://cv-urban-accessibility-bucket/streetview/polygon_4v/20260221T142707Z/0596_backward_40.9717412_29.0551074_303.0.jpg,40.9717412,29.0551074,122.99,302.99,XFsdE8fqUzSCtPWINXCqXg
0596,left,uploaded,gs://cv-urban-accessibility-bucket/streetview/polygon_4v/20260221T142707Z/0596_left_40.9717412_29.0551074_33.0.jpg,40.9717412,29.0551074,122.99,32.99000000000001,XFsdE8fqUzSCtPWINXCqXg
0597,forward,uploaded,gs://cv-urban-accessibility-bucket/streetview/polygon_4v/20260221T142707Z/0597_forward_40.9716434_29.0553069_123.0.jpg,40.9716434,29.0553069,122.99,122.99,m2kZ29UyX4d2INjpXd9MmQ
0597,right,uploaded,gs://cv-urban-accessibility-bucket/streetview/polygon_4v/20260221T142707Z/0597_right_40.9716434_29.0553069_213.0.jpg,40.9716434,29.0553069,122.99,212.99,m2kZ29UyX4d2INjpXd9MmQ
0597,backward,uploaded,gs://cv-urban-accessibility-bucket/streetview/polygon_4v/20260221T142707Z/0597_backward_40.9716434_29.0553069_303.0.jpg,40.9716434,29.0553069,122.99,302.99,m2kZ29UyX4d2INjpXd9MmQ
0597,left,uploaded,gs://cv-urban-accessibility-bucket/streetview/polygon_4v/20260221T142707Z/0597_left_40.9716434_29.0553069_33.0.jpg,40.9716434,29.0553069,122.99,32.99000000000001,m2kZ29UyX4d2INjpXd9MmQ
0598,forward,uploaded,gs://cv-urban-accessibility-bucket/streetview/polygon_4v/20260221T142707Z/0598_forward_40.9715456_29.0555065_123.0.jpg,40.9715456,29.0555065,122.99,122.99,RVXiFML3lxNAVD4FjWhFCw
0598,right,uploaded,gs://cv-urban-accessibility-bucket/streetview/polygon_4v/20260221T142707Z/0598_right_40.9715456_29.0555065_213.0.jpg,40.9715456,29.0555065,122.99,212.99,RVXiFML3lxNAVD4FjWhFCw
0598,backward,uploaded,gs://cv-urban-accessibility-bucket/streetview/polygon_4v/20260221T142707Z/0598_backward_40.9715456_29.0555065_303.0.jpg,40.9715456,29.0555065,122.99,302.99,RVXiFML3lxNAVD4FjWhFCw
0598,left,uploaded,gs://cv-urban-accessibility-bucket/streetview/polygon_4v/20260221T142707Z/0598_left_40.9715456_29.0555065_33.0.jpg,40.9715456,29.0555065,122.99,32.99000000000001,RVXiFML3lxNAVD4FjWhFCw
0599,forward,uploaded,gs://cv-urban-accessibility-bucket/streetview/polygon_4v/20260221T142707Z/0599_forward_40.9714478_29.055706_123.0.jpg,40.9714478,29.055706,122.99,122.99,iQg95KHlP1lqO_MDa2tOlQ
0599,right,uploaded,gs://cv-urban-accessibility-bucket/streetview/polygon_4v/20260221T142707Z/0599_right_40.9714478_29.055706_213.0.jpg,40.9714478,29.055706,122.99,212.99,iQg95KHlP1lqO_MDa2tOlQ
0599,backward,uploaded,gs://cv-urban-accessibility-bucket/streetview/polygon_4v/20260221T142707Z/0599_backward_40.9714478_29.055706_303.0.jpg,40.9714478,29.055706,122.99,302.99,iQg95KHlP1lqO_MDa2tOlQ
0599,left,uploaded,gs://cv-urban-accessibility-bucket/streetview/polygon_4v/20260221T142707Z/0599_left_40.9714478_29.055706_33.0.jpg,40.9714478,29.055706,122.99,32.99000000000001,iQg95KHlP1lqO_MDa2tOlQ
0600,forward,uploaded,gs://cv-urban-accessibility-bucket/streetview/polygon_4v/20260221T142707Z/0600_forward_40.9713536_29.0558981_123.0.jpg,40.9713536,29.0558981,122.99,122.99,GhIsuud7k15s4hOmPTCHAQ
0600,right,uploaded,gs://cv-urban-accessibility-bucket/streetview/polygon_4v/20260221T142707Z/0600_right_40.9713536_29.0558981_213.0.jpg,40.9713536,29.0558981,122.99,212.99,GhIsuud7k15s4hOmPTCHAQ
0600,backward,uploaded,gs://cv-urban-accessibility-bucket/streetview/polygon_4v/20260221T142707Z/0600_backward_40.9713536_29.0558981_303.0.jpg,40.9713536,29.0558981,122.99,302.99,GhIsuud7k15s4hOmPTCHAQ
0600,left,uploaded,gs://cv-urban-accessibility-bucket/streetview/polygon_4v/20260221T142707Z/0600_left_40.9713536_29.0558981_33.0.jpg,40.9713536,29.0558981,122.99,32.99000000000001,GhIsuud7k15s4hOmPTCHAQ
